Record Length,2.500000e+03,,  -0.000002500000,   0.00000,
Sample Interval,2.000000e-09,,  -0.000002498000,   0.00000,
Trigger Point,1.250000000000e+03,,  -0.000002496000,   0.00000,
,,,  -0.000002494000,   0.02840,
,,,  -0.000002492000,   0.05680,
,,,  -0.000002490000,   0.05680,
Source,CH1,,  -0.000002488000,   0.05680,
Vertical Units,V,,  -0.000002486000,   0.14200,
Vertical Scale,7.100000e-01,,  -0.000002484000,   1.13600,
Vertical Offset,-2.414000e+00,,  -0.000002482000,   3.03880,
Horizontal Units,s,,  -0.000002480000,   4.03280,
Horizontal Scale,5.000000e-07,,  -0.000002478000,   4.28840,
Pt Fmt,Y,,  -0.000002476000,   4.28840,
Yzero,0.000000e+00,,  -0.000002474000,   4.23160,
Probe Atten,1.000000e+00,,  -0.000002472000,   4.31680,
Model Number,TDS1012C-EDU,,  -0.000002470000,   4.68600,
Serial Number,C013503,,  -0.000002468000,   4.88480,
Firmware Version,FV:v25.11,,  -0.000002466000,   4.71440,
,,,-00.000002464000,   4.62920,
,,,-00.000002462000,   4.65760,
,,,-00.000002460000,   4.77120,
,,,-00.000002458000,   4.85640,
,,,-00.000002456000,   4.97000,
,,,-00.000002454000,   4.91320,
,,,-00.000002452000,   4.85640,
,,,-00.000002450000,   4.91320,
,,,-00.000002448000,   4.94160,
,,,-00.000002446000,   4.97000,
,,,-00.000002444000,   4.97000,
,,,-00.000002442000,   4.94160,
,,,-00.000002440000,   4.91320,
,,,-00.000002438000,   4.91320,
,,,-00.000002436000,   4.94160,
,,,-00.000002434000,   4.97000,
,,,-00.000002432000,   4.97000,
,,,-00.000002430000,   4.97000,
,,,-00.000002428000,   4.97000,
,,,-00.000002426000,   4.97000,
,,,-00.000002424000,   4.97000,
,,,-00.000002422000,   4.97000,
,,,-00.000002420000,   4.94160,
,,,-00.000002418000,   4.94160,
,,,-00.000002416000,   4.94160,
,,,-00.000002414000,   4.94160,
,,,-00.000002412000,   4.97000,
,,,-00.000002410000,   4.97000,
,,,-00.000002408000,   4.97000,
,,,-00.000002406000,   4.97000,
,,,-00.000002404000,   4.97000,
,,,-00.000002402000,   4.97000,
,,,-00.000002400000,   4.94160,
,,,-00.000002398000,   4.94160,
,,,-00.000002396000,   4.94160,
,,,-00.000002394000,   4.94160,
,,,-00.000002392000,   4.94160,
,,,-00.000002390000,   4.94160,
,,,-00.000002388000,   4.94160,
,,,-00.000002386000,   4.94160,
,,,-00.000002384000,   4.94160,
,,,-00.000002382000,   4.94160,
,,,-00.000002380000,   4.94160,
,,,-00.000002378000,   4.94160,
,,,-00.000002376000,   4.94160,
,,,-00.000002374000,   4.94160,
,,,-00.000002372000,   4.94160,
,,,-00.000002370000,   4.94160,
,,,-00.000002368000,   4.94160,
,,,-00.000002366000,   4.94160,
,,,-00.000002364000,   4.94160,
,,,-00.000002362000,   4.94160,
,,,-00.000002360000,   4.94160,
,,,-00.000002358000,   4.94160,
,,,-00.000002356000,   4.94160,
,,,-00.000002354000,   4.94160,
,,,-00.000002352000,   4.94160,
,,,-00.000002350000,   4.94160,
,,,-00.000002348000,   4.94160,
,,,-00.000002346000,   4.94160,
,,,-00.000002344000,   4.94160,
,,,-00.000002342000,   4.94160,
,,,-00.000002340000,   4.94160,
,,,-00.000002338000,   4.94160,
,,,-00.000002336000,   4.94160,
,,,-00.000002334000,   4.94160,
,,,-00.000002332000,   4.94160,
,,,-00.000002330000,   4.94160,
,,,-00.000002328000,   4.94160,
,,,-00.000002326000,   4.94160,
,,,-00.000002324000,   4.94160,
,,,-00.000002322000,   4.94160,
,,,-00.000002320000,   4.94160,
,,,-00.000002318000,   4.94160,
,,,-00.000002316000,   4.94160,
,,,-00.000002314000,   4.94160,
,,,-00.000002312000,   4.94160,
,,,-00.000002310000,   4.94160,
,,,-00.000002308000,   4.94160,
,,,-00.000002306000,   4.94160,
,,,-00.000002304000,   4.94160,
,,,-00.000002302000,   4.94160,
,,,-00.000002300000,   4.94160,
,,,-00.000002298000,   4.94160,
,,,-00.000002296000,   4.94160,
,,,-00.000002294000,   4.94160,
,,,-00.000002292000,   4.94160,
,,,-00.000002290000,   4.91320,
,,,-00.000002288000,   4.91320,
,,,-00.000002286000,   4.94160,
,,,-00.000002284000,   4.94160,
,,,-00.000002282000,   4.94160,
,,,-00.000002280000,   4.94160,
,,,-00.000002278000,   4.94160,
,,,-00.000002276000,   4.94160,
,,,-00.000002274000,   4.94160,
,,,-00.000002272000,   4.94160,
,,,-00.000002270000,   4.94160,
,,,-00.000002268000,   4.94160,
,,,-00.000002266000,   4.94160,
,,,-00.000002264000,   4.94160,
,,,-00.000002262000,   4.94160,
,,,-00.000002260000,   4.94160,
,,,-00.000002258000,   4.94160,
,,,-00.000002256000,   4.94160,
,,,-00.000002254000,   4.94160,
,,,-00.000002252000,   4.94160,
,,,-00.000002250000,   4.91320,
,,,-00.000002248000,   4.91320,
,,,-00.000002246000,   4.91320,
,,,-00.000002244000,   4.91320,
,,,-00.000002242000,   4.88480,
,,,-00.000002240000,   4.88480,
,,,-00.000002238000,   4.88480,
,,,-00.000002236000,   4.62920,
,,,-00.000002234000,   3.01040,
,,,-00.000002232000,   1.33480,
,,,-00.000002230000,   0.65320,
,,,-00.000002228000,   0.51120,
,,,-00.000002226000,   0.53960,
,,,-00.000002224000,   0.56800,
,,,-00.000002222000,   0.36920,
,,,-00.000002220000,  -0.02840,
,,,-00.000002218000,  -0.05680,
,,,-00.000002216000,   0.17040,
,,,-00.000002214000,   0.22720,
,,,-00.000002212000,   0.17040,
,,,-00.000002210000,   0.08520,
,,,-00.000002208000,  -0.02840,
,,,-00.000002206000,  -0.08520,
,,,-00.000002204000,   0.00000,
,,,-00.000002202000,   0.02840,
,,,-00.000002200000,   0.00000,
,,,-00.000002198000,  -0.05680,
,,,-00.000002196000,  -0.05680,
,,,-00.000002194000,  -0.05680,
,,,-00.000002192000,   0.00000,
,,,-00.000002190000,   0.02840,
,,,-00.000002188000,   0.00000,
,,,-00.000002186000,  -0.02840,
,,,-00.000002184000,  -0.05680,
,,,-00.000002182000,  -0.05680,
,,,-00.000002180000,  -0.05680,
,,,-00.000002178000,  -0.02840,
,,,-00.000002176000,  -0.05680,
,,,-00.000002174000,  -0.05680,
,,,-00.000002172000,  -0.02840,
,,,-00.000002170000,  -0.02840,
,,,-00.000002168000,  -0.02840,
,,,-00.000002166000,  -0.02840,
,,,-00.000002164000,  -0.02840,
,,,-00.000002162000,  -0.02840,
,,,-00.000002160000,  -0.02840,
,,,-00.000002158000,  -0.02840,
,,,-00.000002156000,  -0.02840,
,,,-00.000002154000,  -0.02840,
,,,-00.000002152000,  -0.02840,
,,,-00.000002150000,  -0.02840,
,,,-00.000002148000,   0.00000,
,,,-00.000002146000,   0.00000,
,,,-00.000002144000,   0.00000,
,,,-00.000002142000,   0.00000,
,,,-00.000002140000,  -0.02840,
,,,-00.000002138000,  -0.02840,
,,,-00.000002136000,  -0.02840,
,,,-00.000002134000,  -0.02840,
,,,-00.000002132000,  -0.02840,
,,,-00.000002130000,  -0.02840,
,,,-00.000002128000,  -0.02840,
,,,-00.000002126000,   0.00000,
,,,-00.000002124000,   0.00000,
,,,-00.000002122000,  -0.02840,
,,,-00.000002120000,  -0.02840,
,,,-00.000002118000,  -0.02840,
,,,-00.000002116000,  -0.02840,
,,,-00.000002114000,  -0.02840,
,,,-00.000002112000,  -0.02840,
,,,-00.000002110000,  -0.02840,
,,,-00.000002108000,   0.00000,
,,,-00.000002106000,   0.00000,
,,,-00.000002104000,   0.00000,
,,,-00.000002102000,   0.00000,
,,,-00.000002100000,   0.00000,
,,,-00.000002098000,   0.00000,
,,,-00.000002096000,   0.00000,
,,,-00.000002094000,   0.00000,
,,,-00.000002092000,   0.00000,
,,,-00.000002090000,   0.00000,
,,,-00.000002088000,   0.00000,
,,,-00.000002086000,   0.00000,
,,,-00.000002084000,   0.00000,
,,,-00.000002082000,   0.00000,
,,,-00.000002080000,   0.00000,
,,,-00.000002078000,   0.00000,
,,,-00.000002076000,   0.00000,
,,,-00.000002074000,   0.00000,
,,,-00.000002072000,   0.00000,
,,,-00.000002070000,   0.00000,
,,,-00.000002068000,   0.00000,
,,,-00.000002066000,   0.00000,
,,,-00.000002064000,   0.00000,
,,,-00.000002062000,   0.00000,
,,,-00.000002060000,   0.00000,
,,,-00.000002058000,   0.00000,
,,,-00.000002056000,   0.00000,
,,,-00.000002054000,   0.00000,
,,,-00.000002052000,   0.00000,
,,,-00.000002050000,   0.00000,
,,,-00.000002048000,   0.00000,
,,,-00.000002046000,   0.00000,
,,,-00.000002044000,   0.00000,
,,,-00.000002042000,   0.00000,
,,,-00.000002040000,   0.00000,
,,,-00.000002038000,   0.00000,
,,,-00.000002036000,   0.00000,
,,,-00.000002034000,   0.00000,
,,,-00.000002032000,   0.00000,
,,,-00.000002030000,   0.00000,
,,,-00.000002028000,   0.00000,
,,,-00.000002026000,   0.00000,
,,,-00.000002024000,   0.00000,
,,,-00.000002022000,   0.00000,
,,,-00.000002020000,   0.00000,
,,,-00.000002018000,   0.00000,
,,,-00.000002016000,   0.00000,
,,,-00.000002014000,   0.00000,
,,,-00.000002012000,   0.00000,
,,,-00.000002010000,   0.00000,
,,,-00.000002008000,   0.00000,
,,,-00.000002006000,   0.00000,
,,,-00.000002004000,   0.00000,
,,,-00.000002002000,   0.00000,
,,,-00.000002000000,   0.00000,
,,,-00.000001998000,   0.00000,
,,,-00.000001996000,   0.00000,
,,,-00.000001994000,   0.00000,
,,,-00.000001992000,   0.02840,
,,,-00.000001990000,   0.05680,
,,,-00.000001988000,   0.05680,
,,,-00.000001986000,   0.11360,
,,,-00.000001984000,   1.13600,
,,,-00.000001982000,   3.03880,
,,,-00.000001980000,   4.03280,
,,,-00.000001978000,   4.28840,
,,,-00.000001976000,   4.28840,
,,,-00.000001974000,   4.23160,
,,,-00.000001972000,   4.31680,
,,,-00.000001970000,   4.68600,
,,,-00.000001968000,   4.88480,
,,,-00.000001966000,   4.71440,
,,,-00.000001964000,   4.62920,
,,,-00.000001962000,   4.65760,
,,,-00.000001960000,   4.77120,
,,,-00.000001958000,   4.85640,
,,,-00.000001956000,   4.97000,
,,,-00.000001954000,   4.91320,
,,,-00.000001952000,   4.85640,
,,,-00.000001950000,   4.91320,
,,,-00.000001948000,   4.94160,
,,,-00.000001946000,   4.97000,
,,,-00.000001944000,   4.97000,
,,,-00.000001942000,   4.94160,
,,,-00.000001940000,   4.91320,
,,,-00.000001938000,   4.91320,
,,,-00.000001936000,   4.97000,
,,,-00.000001934000,   4.97000,
,,,-00.000001932000,   4.97000,
,,,-00.000001930000,   4.97000,
,,,-00.000001928000,   4.97000,
,,,-00.000001926000,   4.97000,
,,,-00.000001924000,   4.97000,
,,,-00.000001922000,   4.97000,
,,,-00.000001920000,   4.94160,
,,,-00.000001918000,   4.94160,
,,,-00.000001916000,   4.94160,
,,,-00.000001914000,   4.94160,
,,,-00.000001912000,   4.97000,
,,,-00.000001910000,   4.97000,
,,,-00.000001908000,   4.97000,
,,,-00.000001906000,   4.97000,
,,,-00.000001904000,   4.97000,
,,,-00.000001902000,   4.94160,
,,,-00.000001900000,   4.94160,
,,,-00.000001898000,   4.94160,
,,,-00.000001896000,   4.94160,
,,,-00.000001894000,   4.94160,
,,,-00.000001892000,   4.94160,
,,,-00.000001890000,   4.94160,
,,,-00.000001888000,   4.94160,
,,,-00.000001886000,   4.94160,
,,,-00.000001884000,   4.94160,
,,,-00.000001882000,   4.94160,
,,,-00.000001880000,   4.94160,
,,,-00.000001878000,   4.94160,
,,,-00.000001876000,   4.94160,
,,,-00.000001874000,   4.94160,
,,,-00.000001872000,   4.94160,
,,,-00.000001870000,   4.94160,
,,,-00.000001868000,   4.94160,
,,,-00.000001866000,   4.94160,
,,,-00.000001864000,   4.94160,
,,,-00.000001862000,   4.94160,
,,,-00.000001860000,   4.94160,
,,,-00.000001858000,   4.94160,
,,,-00.000001856000,   4.94160,
,,,-00.000001854000,   4.94160,
,,,-00.000001852000,   4.94160,
,,,-00.000001850000,   4.94160,
,,,-00.000001848000,   4.94160,
,,,-00.000001846000,   4.94160,
,,,-00.000001844000,   4.94160,
,,,-00.000001842000,   4.94160,
,,,-00.000001840000,   4.94160,
,,,-00.000001838000,   4.94160,
,,,-00.000001836000,   4.94160,
,,,-00.000001834000,   4.94160,
,,,-00.000001832000,   4.94160,
,,,-00.000001830000,   4.94160,
,,,-00.000001828000,   4.94160,
,,,-00.000001826000,   4.94160,
,,,-00.000001824000,   4.94160,
,,,-00.000001822000,   4.94160,
,,,-00.000001820000,   4.94160,
,,,-00.000001818000,   4.94160,
,,,-00.000001816000,   4.94160,
,,,-00.000001814000,   4.94160,
,,,-00.000001812000,   4.94160,
,,,-00.000001810000,   4.94160,
,,,-00.000001808000,   4.94160,
,,,-00.000001806000,   4.94160,
,,,-00.000001804000,   4.94160,
,,,-00.000001802000,   4.94160,
,,,-00.000001800000,   4.94160,
,,,-00.000001798000,   4.94160,
,,,-00.000001796000,   4.94160,
,,,-00.000001794000,   4.94160,
,,,-00.000001792000,   4.91320,
,,,-00.000001790000,   4.91320,
,,,-00.000001788000,   4.91320,
,,,-00.000001786000,   4.94160,
,,,-00.000001784000,   4.94160,
,,,-00.000001782000,   4.94160,
,,,-00.000001780000,   4.94160,
,,,-00.000001778000,   4.94160,
,,,-00.000001776000,   4.94160,
,,,-00.000001774000,   4.94160,
,,,-00.000001772000,   4.94160,
,,,-00.000001770000,   4.94160,
,,,-00.000001768000,   4.94160,
,,,-00.000001766000,   4.94160,
,,,-00.000001764000,   4.94160,
,,,-00.000001762000,   4.94160,
,,,-00.000001760000,   4.94160,
,,,-00.000001758000,   4.94160,
,,,-00.000001756000,   4.94160,
,,,-00.000001754000,   4.94160,
,,,-00.000001752000,   4.94160,
,,,-00.000001750000,   4.91320,
,,,-00.000001748000,   4.91320,
,,,-00.000001746000,   4.91320,
,,,-00.000001744000,   4.91320,
,,,-00.000001742000,   4.91320,
,,,-00.000001740000,   4.91320,
,,,-00.000001738000,   4.91320,
,,,-00.000001736000,   4.65760,
,,,-00.000001734000,   3.01040,
,,,-00.000001732000,   1.33480,
,,,-00.000001730000,   0.65320,
,,,-00.000001728000,   0.51120,
,,,-00.000001726000,   0.53960,
,,,-00.000001724000,   0.56800,
,,,-00.000001722000,   0.36920,
,,,-00.000001720000,  -0.05680,
,,,-00.000001718000,  -0.05680,
,,,-00.000001716000,   0.17040,
,,,-00.000001714000,   0.22720,
,,,-00.000001712000,   0.17040,
,,,-00.000001710000,   0.08520,
,,,-00.000001708000,  -0.02840,
,,,-00.000001706000,  -0.08520,
,,,-00.000001704000,   0.00000,
,,,-00.000001702000,   0.02840,
,,,-00.000001700000,  -0.02840,
,,,-00.000001698000,  -0.05680,
,,,-00.000001696000,  -0.05680,
,,,-00.000001694000,  -0.05680,
,,,-00.000001692000,   0.00000,
,,,-00.000001690000,   0.02840,
,,,-00.000001688000,   0.00000,
,,,-00.000001686000,  -0.02840,
,,,-00.000001684000,  -0.05680,
,,,-00.000001682000,  -0.05680,
,,,-00.000001680000,  -0.05680,
,,,-00.000001678000,  -0.02840,
,,,-00.000001676000,  -0.05680,
,,,-00.000001674000,  -0.05680,
,,,-00.000001672000,  -0.02840,
,,,-00.000001670000,  -0.02840,
,,,-00.000001668000,  -0.02840,
,,,-00.000001666000,  -0.02840,
,,,-00.000001664000,  -0.02840,
,,,-00.000001662000,  -0.02840,
,,,-00.000001660000,  -0.02840,
,,,-00.000001658000,  -0.02840,
,,,-00.000001656000,  -0.02840,
,,,-00.000001654000,  -0.02840,
,,,-00.000001652000,  -0.02840,
,,,-00.000001650000,  -0.02840,
,,,-00.000001648000,   0.00000,
,,,-00.000001646000,   0.00000,
,,,-00.000001644000,   0.00000,
,,,-00.000001642000,   0.00000,
,,,-00.000001640000,  -0.02840,
,,,-00.000001638000,  -0.02840,
,,,-00.000001636000,  -0.02840,
,,,-00.000001634000,  -0.02840,
,,,-00.000001632000,  -0.02840,
,,,-00.000001630000,  -0.02840,
,,,-00.000001628000,   0.00000,
,,,-00.000001626000,   0.00000,
,,,-00.000001624000,   0.00000,
,,,-00.000001622000,   0.00000,
,,,-00.000001620000,  -0.02840,
,,,-00.000001618000,  -0.02840,
,,,-00.000001616000,  -0.02840,
,,,-00.000001614000,  -0.02840,
,,,-00.000001612000,  -0.02840,
,,,-00.000001610000,  -0.02840,
,,,-00.000001608000,   0.00000,
,,,-00.000001606000,   0.00000,
,,,-00.000001604000,   0.00000,
,,,-00.000001602000,   0.00000,
,,,-00.000001600000,   0.00000,
,,,-00.000001598000,   0.00000,
,,,-00.000001596000,   0.00000,
,,,-00.000001594000,   0.00000,
,,,-00.000001592000,   0.00000,
,,,-00.000001590000,   0.00000,
,,,-00.000001588000,   0.00000,
,,,-00.000001586000,   0.00000,
,,,-00.000001584000,   0.00000,
,,,-00.000001582000,   0.00000,
,,,-00.000001580000,   0.00000,
,,,-00.000001578000,   0.00000,
,,,-00.000001576000,   0.00000,
,,,-00.000001574000,   0.00000,
,,,-00.000001572000,   0.00000,
,,,-00.000001570000,   0.00000,
,,,-00.000001568000,   0.00000,
,,,-00.000001566000,   0.00000,
,,,-00.000001564000,   0.00000,
,,,-00.000001562000,   0.00000,
,,,-00.000001560000,   0.00000,
,,,-00.000001558000,   0.00000,
,,,-00.000001556000,   0.00000,
,,,-00.000001554000,   0.00000,
,,,-00.000001552000,   0.00000,
,,,-00.000001550000,   0.00000,
,,,-00.000001548000,   0.00000,
,,,-00.000001546000,   0.00000,
,,,-00.000001544000,   0.00000,
,,,-00.000001542000,   0.00000,
,,,-00.000001540000,   0.00000,
,,,-00.000001538000,   0.00000,
,,,-00.000001536000,   0.00000,
,,,-00.000001534000,   0.00000,
,,,-00.000001532000,   0.00000,
,,,-00.000001530000,   0.00000,
,,,-00.000001528000,   0.00000,
,,,-00.000001526000,   0.00000,
,,,-00.000001524000,   0.00000,
,,,-00.000001522000,   0.00000,
,,,-00.000001520000,   0.00000,
,,,-00.000001518000,   0.00000,
,,,-00.000001516000,   0.00000,
,,,-00.000001514000,   0.00000,
,,,-00.000001512000,   0.00000,
,,,-00.000001510000,   0.00000,
,,,-00.000001508000,   0.00000,
,,,-00.000001506000,   0.00000,
,,,-00.000001504000,   0.00000,
,,,-00.000001502000,   0.00000,
,,,-00.000001500000,   0.00000,
,,,-00.000001498000,   0.00000,
,,,-00.000001496000,   0.00000,
,,,-00.000001494000,   0.00000,
,,,-00.000001492000,   0.02840,
,,,-00.000001490000,   0.02840,
,,,-00.000001488000,   0.02840,
,,,-00.000001486000,   0.08520,
,,,-00.000001484000,   1.13600,
,,,-00.000001482000,   3.03880,
,,,-00.000001480000,   4.06120,
,,,-00.000001478000,   4.28840,
,,,-00.000001476000,   4.26000,
,,,-00.000001474000,   4.23160,
,,,-00.000001472000,   4.31680,
,,,-00.000001470000,   4.71440,
,,,-00.000001468000,   4.88480,
,,,-00.000001466000,   4.71440,
,,,-00.000001464000,   4.62920,
,,,-00.000001462000,   4.65760,
,,,-00.000001460000,   4.77120,
,,,-00.000001458000,   4.85640,
,,,-00.000001456000,   4.97000,
,,,-00.000001454000,   4.91320,
,,,-00.000001452000,   4.85640,
,,,-00.000001450000,   4.91320,
,,,-00.000001448000,   4.94160,
,,,-00.000001446000,   4.97000,
,,,-00.000001444000,   4.97000,
,,,-00.000001442000,   4.94160,
,,,-00.000001440000,   4.91320,
,,,-00.000001438000,   4.91320,
,,,-00.000001436000,   4.97000,
,,,-00.000001434000,   4.97000,
,,,-00.000001432000,   4.97000,
,,,-00.000001430000,   4.97000,
,,,-00.000001428000,   4.97000,
,,,-00.000001426000,   4.97000,
,,,-00.000001424000,   4.97000,
,,,-00.000001422000,   4.97000,
,,,-00.000001420000,   4.94160,
,,,-00.000001418000,   4.94160,
,,,-00.000001416000,   4.94160,
,,,-00.000001414000,   4.94160,
,,,-00.000001412000,   4.97000,
,,,-00.000001410000,   4.97000,
,,,-00.000001408000,   4.97000,
,,,-00.000001406000,   4.97000,
,,,-00.000001404000,   4.97000,
,,,-00.000001402000,   4.97000,
,,,-00.000001400000,   4.94160,
,,,-00.000001398000,   4.94160,
,,,-00.000001396000,   4.94160,
,,,-00.000001394000,   4.94160,
,,,-00.000001392000,   4.94160,
,,,-00.000001390000,   4.94160,
,,,-00.000001388000,   4.94160,
,,,-00.000001386000,   4.94160,
,,,-00.000001384000,   4.94160,
,,,-00.000001382000,   4.94160,
,,,-00.000001380000,   4.94160,
,,,-00.000001378000,   4.94160,
,,,-00.000001376000,   4.94160,
,,,-00.000001374000,   4.94160,
,,,-00.000001372000,   4.94160,
,,,-00.000001370000,   4.94160,
,,,-00.000001368000,   4.94160,
,,,-00.000001366000,   4.94160,
,,,-00.000001364000,   4.94160,
,,,-00.000001362000,   4.94160,
,,,-00.000001360000,   4.94160,
,,,-00.000001358000,   4.94160,
,,,-00.000001356000,   4.94160,
,,,-00.000001354000,   4.94160,
,,,-00.000001352000,   4.94160,
,,,-00.000001350000,   4.94160,
,,,-00.000001348000,   4.94160,
,,,-00.000001346000,   4.94160,
,,,-00.000001344000,   4.94160,
,,,-00.000001342000,   4.94160,
,,,-00.000001340000,   4.94160,
,,,-00.000001338000,   4.94160,
,,,-00.000001336000,   4.94160,
,,,-00.000001334000,   4.94160,
,,,-00.000001332000,   4.94160,
,,,-00.000001330000,   4.94160,
,,,-00.000001328000,   4.94160,
,,,-00.000001326000,   4.94160,
,,,-00.000001324000,   4.94160,
,,,-00.000001322000,   4.94160,
,,,-00.000001320000,   4.94160,
,,,-00.000001318000,   4.94160,
,,,-00.000001316000,   4.94160,
,,,-00.000001314000,   4.94160,
,,,-00.000001312000,   4.94160,
,,,-00.000001310000,   4.94160,
,,,-00.000001308000,   4.94160,
,,,-00.000001306000,   4.94160,
,,,-00.000001304000,   4.94160,
,,,-00.000001302000,   4.94160,
,,,-00.000001300000,   4.94160,
,,,-00.000001298000,   4.94160,
,,,-00.000001296000,   4.94160,
,,,-00.000001294000,   4.94160,
,,,-00.000001292000,   4.94160,
,,,-00.000001290000,   4.94160,
,,,-00.000001288000,   4.91320,
,,,-00.000001286000,   4.94160,
,,,-00.000001284000,   4.94160,
,,,-00.000001282000,   4.94160,
,,,-00.000001280000,   4.94160,
,,,-00.000001278000,   4.94160,
,,,-00.000001276000,   4.94160,
,,,-00.000001274000,   4.94160,
,,,-00.000001272000,   4.94160,
,,,-00.000001270000,   4.94160,
,,,-00.000001268000,   4.94160,
,,,-00.000001266000,   4.94160,
,,,-00.000001264000,   4.94160,
,,,-00.000001262000,   4.94160,
,,,-00.000001260000,   4.94160,
,,,-00.000001258000,   4.94160,
,,,-00.000001256000,   4.94160,
,,,-00.000001254000,   4.94160,
,,,-00.000001252000,   4.91320,
,,,-00.000001250000,   4.91320,
,,,-00.000001248000,   4.91320,
,,,-00.000001246000,   4.91320,
,,,-00.000001244000,   4.91320,
,,,-00.000001242000,   4.91320,
,,,-00.000001240000,   4.91320,
,,,-00.000001238000,   4.91320,
,,,-00.000001236000,   4.65760,
,,,-00.000001234000,   2.98200,
,,,-00.000001232000,   1.30640,
,,,-00.000001230000,   0.65320,
,,,-00.000001228000,   0.51120,
,,,-00.000001226000,   0.53960,
,,,-00.000001224000,   0.56800,
,,,-00.000001222000,   0.36920,
,,,-00.000001220000,  -0.05680,
,,,-00.000001218000,  -0.05680,
,,,-00.000001216000,   0.17040,
,,,-00.000001214000,   0.22720,
,,,-00.000001212000,   0.17040,
,,,-00.000001210000,   0.08520,
,,,-00.000001208000,  -0.02840,
,,,-00.000001206000,  -0.08520,
,,,-00.000001204000,   0.00000,
,,,-00.000001202000,   0.02840,
,,,-00.000001200000,  -0.02840,
,,,-00.000001198000,  -0.05680,
,,,-00.000001196000,  -0.05680,
,,,-00.000001194000,  -0.05680,
,,,-00.000001192000,   0.00000,
,,,-00.000001190000,   0.02840,
,,,-00.000001188000,   0.00000,
,,,-00.000001186000,  -0.02840,
,,,-00.000001184000,  -0.05680,
,,,-00.000001182000,  -0.05680,
,,,-00.000001180000,  -0.05680,
,,,-00.000001178000,  -0.02840,
,,,-00.000001176000,  -0.05680,
,,,-00.000001174000,  -0.05680,
,,,-00.000001172000,  -0.02840,
,,,-00.000001170000,  -0.02840,
,,,-00.000001168000,  -0.02840,
,,,-00.000001166000,  -0.02840,
,,,-00.000001164000,  -0.02840,
,,,-00.000001162000,  -0.02840,
,,,-00.000001160000,  -0.02840,
,,,-00.000001158000,  -0.02840,
,,,-00.000001156000,  -0.02840,
,,,-00.000001154000,  -0.02840,
,,,-00.000001152000,  -0.02840,
,,,-00.000001150000,  -0.02840,
,,,-00.000001148000,  -0.02840,
,,,-00.000001146000,   0.00000,
,,,-00.000001144000,   0.00000,
,,,-00.000001142000,  -0.02840,
,,,-00.000001140000,  -0.02840,
,,,-00.000001138000,  -0.02840,
,,,-00.000001136000,  -0.02840,
,,,-00.000001134000,  -0.02840,
,,,-00.000001132000,  -0.02840,
,,,-00.000001130000,  -0.02840,
,,,-00.000001128000,  -0.02840,
,,,-00.000001126000,  -0.02840,
,,,-00.000001124000,   0.00000,
,,,-00.000001122000,  -0.02840,
,,,-00.000001120000,  -0.02840,
,,,-00.000001118000,  -0.02840,
,,,-00.000001116000,  -0.02840,
,,,-00.000001114000,  -0.02840,
,,,-00.000001112000,  -0.02840,
,,,-00.000001110000,  -0.02840,
,,,-00.000001108000,   0.00000,
,,,-00.000001106000,   0.00000,
,,,-00.000001104000,   0.00000,
,,,-00.000001102000,   0.00000,
,,,-00.000001100000,   0.00000,
,,,-00.000001098000,   0.00000,
,,,-00.000001096000,  -0.02840,
,,,-00.000001094000,  -0.02840,
,,,-00.000001092000,  -0.02840,
,,,-00.000001090000,   0.00000,
,,,-00.000001088000,  -0.02840,
,,,-00.000001086000,   0.00000,
,,,-00.000001084000,   0.00000,
,,,-00.000001082000,   0.00000,
,,,-00.000001080000,   0.00000,
,,,-00.000001078000,   0.00000,
,,,-00.000001076000,   0.00000,
,,,-00.000001074000,   0.00000,
,,,-00.000001072000,   0.00000,
,,,-00.000001070000,   0.00000,
,,,-00.000001068000,   0.00000,
,,,-00.000001066000,   0.00000,
,,,-00.000001064000,   0.00000,
,,,-00.000001062000,   0.00000,
,,,-00.000001060000,   0.00000,
,,,-00.000001058000,   0.00000,
,,,-00.000001056000,   0.00000,
,,,-00.000001054000,   0.00000,
,,,-00.000001052000,   0.00000,
,,,-00.000001050000,   0.00000,
,,,-00.000001048000,   0.00000,
,,,-00.000001046000,   0.00000,
,,,-00.000001044000,   0.00000,
,,,-00.000001042000,   0.00000,
,,,-00.000001040000,   0.00000,
,,,-00.000001038000,   0.00000,
,,,-00.000001036000,   0.00000,
,,,-00.000001034000,   0.00000,
,,,-00.000001032000,   0.00000,
,,,-00.000001030000,   0.00000,
,,,-00.000001028000,   0.00000,
,,,-00.000001026000,   0.00000,
,,,-00.000001024000,   0.00000,
,,,-00.000001022000,   0.00000,
,,,-00.000001020000,   0.00000,
,,,-00.000001018000,   0.00000,
,,,-00.000001016000,   0.00000,
,,,-00.000001014000,   0.00000,
,,,-00.000001012000,   0.00000,
,,,-00.000001010000,   0.00000,
,,,-00.000001008000,   0.00000,
,,,-00.000001006000,   0.00000,
,,,-00.000001004000,   0.00000,
,,,-00.000001002000,   0.00000,
,,,-00.000001000000,   0.00000,
,,,-00.000000998000,   0.00000,
,,,-00.000000996000,   0.00000,
,,,-00.000000994000,   0.00000,
,,,-00.000000992000,   0.00000,
,,,-00.000000990000,   0.02840,
,,,-00.000000988000,   0.02840,
,,,-00.000000986000,   0.08520,
,,,-00.000000984000,   1.16440,
,,,-00.000000982000,   3.06720,
,,,-00.000000980000,   4.06120,
,,,-00.000000978000,   4.28840,
,,,-00.000000976000,   4.26000,
,,,-00.000000974000,   4.23160,
,,,-00.000000972000,   4.31680,
,,,-00.000000970000,   4.71440,
,,,-00.000000968000,   4.88480,
,,,-00.000000966000,   4.71440,
,,,-00.000000964000,   4.62920,
,,,-00.000000962000,   4.65760,
,,,-00.000000960000,   4.77120,
,,,-00.000000958000,   4.88480,
,,,-00.000000956000,   4.97000,
,,,-00.000000954000,   4.91320,
,,,-00.000000952000,   4.85640,
,,,-00.000000950000,   4.91320,
,,,-00.000000948000,   4.94160,
,,,-00.000000946000,   4.97000,
,,,-00.000000944000,   4.97000,
,,,-00.000000942000,   4.94160,
,,,-00.000000940000,   4.91320,
,,,-00.000000938000,   4.91320,
,,,-00.000000936000,   4.94160,
,,,-00.000000934000,   4.97000,
,,,-00.000000932000,   4.97000,
,,,-00.000000930000,   4.97000,
,,,-00.000000928000,   4.97000,
,,,-00.000000926000,   4.97000,
,,,-00.000000924000,   4.97000,
,,,-00.000000922000,   4.97000,
,,,-00.000000920000,   4.94160,
,,,-00.000000918000,   4.94160,
,,,-00.000000916000,   4.94160,
,,,-00.000000914000,   4.94160,
,,,-00.000000912000,   4.97000,
,,,-00.000000910000,   4.97000,
,,,-00.000000908000,   4.97000,
,,,-00.000000906000,   4.97000,
,,,-00.000000904000,   4.97000,
,,,-00.000000902000,   4.94160,
,,,-00.000000900000,   4.94160,
,,,-00.000000898000,   4.94160,
,,,-00.000000896000,   4.94160,
,,,-00.000000894000,   4.94160,
,,,-00.000000892000,   4.94160,
,,,-00.000000890000,   4.94160,
,,,-00.000000888000,   4.94160,
,,,-00.000000886000,   4.94160,
,,,-00.000000884000,   4.94160,
,,,-00.000000882000,   4.94160,
,,,-00.000000880000,   4.94160,
,,,-00.000000878000,   4.94160,
,,,-00.000000876000,   4.94160,
,,,-00.000000874000,   4.94160,
,,,-00.000000872000,   4.94160,
,,,-00.000000870000,   4.94160,
,,,-00.000000868000,   4.94160,
,,,-00.000000866000,   4.94160,
,,,-00.000000864000,   4.94160,
,,,-00.000000862000,   4.94160,
,,,-00.000000860000,   4.94160,
,,,-00.000000858000,   4.94160,
,,,-00.000000856000,   4.94160,
,,,-00.000000854000,   4.94160,
,,,-00.000000852000,   4.94160,
,,,-00.000000850000,   4.94160,
,,,-00.000000848000,   4.94160,
,,,-00.000000846000,   4.94160,
,,,-00.000000844000,   4.94160,
,,,-00.000000842000,   4.94160,
,,,-00.000000840000,   4.94160,
,,,-00.000000838000,   4.94160,
,,,-00.000000836000,   4.94160,
,,,-00.000000834000,   4.94160,
,,,-00.000000832000,   4.94160,
,,,-00.000000830000,   4.94160,
,,,-00.000000828000,   4.94160,
,,,-00.000000826000,   4.94160,
,,,-00.000000824000,   4.94160,
,,,-00.000000822000,   4.94160,
,,,-00.000000820000,   4.94160,
,,,-00.000000818000,   4.94160,
,,,-00.000000816000,   4.94160,
,,,-00.000000814000,   4.94160,
,,,-00.000000812000,   4.94160,
,,,-00.000000810000,   4.94160,
,,,-00.000000808000,   4.94160,
,,,-00.000000806000,   4.94160,
,,,-00.000000804000,   4.94160,
,,,-00.000000802000,   4.94160,
,,,-00.000000800000,   4.94160,
,,,-00.000000798000,   4.94160,
,,,-00.000000796000,   4.94160,
,,,-00.000000794000,   4.94160,
,,,-00.000000792000,   4.91320,
,,,-00.000000790000,   4.91320,
,,,-00.000000788000,   4.91320,
,,,-00.000000786000,   4.94160,
,,,-00.000000784000,   4.94160,
,,,-00.000000782000,   4.94160,
,,,-00.000000780000,   4.94160,
,,,-00.000000778000,   4.94160,
,,,-00.000000776000,   4.94160,
,,,-00.000000774000,   4.94160,
,,,-00.000000772000,   4.94160,
,,,-00.000000770000,   4.94160,
,,,-00.000000768000,   4.94160,
,,,-00.000000766000,   4.94160,
,,,-00.000000764000,   4.94160,
,,,-00.000000762000,   4.94160,
,,,-00.000000760000,   4.94160,
,,,-00.000000758000,   4.94160,
,,,-00.000000756000,   4.94160,
,,,-00.000000754000,   4.94160,
,,,-00.000000752000,   4.91320,
,,,-00.000000750000,   4.91320,
,,,-00.000000748000,   4.91320,
,,,-00.000000746000,   4.91320,
,,,-00.000000744000,   4.91320,
,,,-00.000000742000,   4.91320,
,,,-00.000000740000,   4.91320,
,,,-00.000000738000,   4.91320,
,,,-00.000000736000,   4.62920,
,,,-00.000000734000,   2.95360,
,,,-00.000000732000,   1.30640,
,,,-00.000000730000,   0.62480,
,,,-00.000000728000,   0.51120,
,,,-00.000000726000,   0.53960,
,,,-00.000000724000,   0.56800,
,,,-00.000000722000,   0.34080,
,,,-00.000000720000,  -0.05680,
,,,-00.000000718000,  -0.05680,
,,,-00.000000716000,   0.17040,
,,,-00.000000714000,   0.22720,
,,,-00.000000712000,   0.17040,
,,,-00.000000710000,   0.08520,
,,,-00.000000708000,  -0.02840,
,,,-00.000000706000,  -0.08520,
,,,-00.000000704000,   0.00000,
,,,-00.000000702000,   0.02840,
,,,-00.000000700000,  -0.02840,
,,,-00.000000698000,  -0.05680,
,,,-00.000000696000,  -0.05680,
,,,-00.000000694000,  -0.05680,
,,,-00.000000692000,   0.00000,
,,,-00.000000690000,   0.02840,
,,,-00.000000688000,   0.00000,
,,,-00.000000686000,  -0.02840,
,,,-00.000000684000,  -0.02840,
,,,-00.000000682000,  -0.05680,
,,,-00.000000680000,  -0.05680,
,,,-00.000000678000,  -0.02840,
,,,-00.000000676000,  -0.05680,
,,,-00.000000674000,  -0.05680,
,,,-00.000000672000,  -0.02840,
,,,-00.000000670000,  -0.02840,
,,,-00.000000668000,  -0.02840,
,,,-00.000000666000,  -0.02840,
,,,-00.000000664000,  -0.02840,
,,,-00.000000662000,  -0.02840,
,,,-00.000000660000,  -0.02840,
,,,-00.000000658000,  -0.02840,
,,,-00.000000656000,  -0.02840,
,,,-00.000000654000,  -0.02840,
,,,-00.000000652000,  -0.02840,
,,,-00.000000650000,  -0.02840,
,,,-00.000000648000,   0.00000,
,,,-00.000000646000,   0.00000,
,,,-00.000000644000,   0.00000,
,,,-00.000000642000,  -0.02840,
,,,-00.000000640000,  -0.02840,
,,,-00.000000638000,  -0.02840,
,,,-00.000000636000,  -0.02840,
,,,-00.000000634000,  -0.02840,
,,,-00.000000632000,  -0.02840,
,,,-00.000000630000,  -0.02840,
,,,-00.000000628000,   0.00000,
,,,-00.000000626000,   0.00000,
,,,-00.000000624000,   0.00000,
,,,-00.000000622000,   0.00000,
,,,-00.000000620000,  -0.02840,
,,,-00.000000618000,  -0.02840,
,,,-00.000000616000,  -0.02840,
,,,-00.000000614000,  -0.02840,
,,,-00.000000612000,  -0.02840,
,,,-00.000000610000,  -0.02840,
,,,-00.000000608000,   0.00000,
,,,-00.000000606000,   0.00000,
,,,-00.000000604000,   0.00000,
,,,-00.000000602000,   0.00000,
,,,-00.000000600000,   0.00000,
,,,-00.000000598000,   0.00000,
,,,-00.000000596000,   0.00000,
,,,-00.000000594000,   0.00000,
,,,-00.000000592000,   0.00000,
,,,-00.000000590000,   0.00000,
,,,-00.000000588000,   0.00000,
,,,-00.000000586000,   0.00000,
,,,-00.000000584000,   0.00000,
,,,-00.000000582000,   0.00000,
,,,-00.000000580000,   0.00000,
,,,-00.000000578000,   0.00000,
,,,-00.000000576000,   0.00000,
,,,-00.000000574000,   0.00000,
,,,-00.000000572000,   0.00000,
,,,-00.000000570000,   0.00000,
,,,-00.000000568000,   0.00000,
,,,-00.000000566000,   0.00000,
,,,-00.000000564000,   0.00000,
,,,-00.000000562000,   0.00000,
,,,-00.000000560000,   0.00000,
,,,-00.000000558000,   0.00000,
,,,-00.000000556000,   0.00000,
,,,-00.000000554000,   0.00000,
,,,-00.000000552000,   0.00000,
,,,-00.000000550000,   0.00000,
,,,-00.000000548000,   0.00000,
,,,-00.000000546000,   0.00000,
,,,-00.000000544000,   0.00000,
,,,-00.000000542000,   0.00000,
,,,-00.000000540000,   0.00000,
,,,-00.000000538000,   0.00000,
,,,-00.000000536000,   0.00000,
,,,-00.000000534000,   0.00000,
,,,-00.000000532000,   0.00000,
,,,-00.000000530000,   0.00000,
,,,-00.000000528000,   0.00000,
,,,-00.000000526000,   0.00000,
,,,-00.000000524000,   0.00000,
,,,-00.000000522000,   0.00000,
,,,-00.000000520000,   0.00000,
,,,-00.000000518000,   0.00000,
,,,-00.000000516000,   0.00000,
,,,-00.000000514000,   0.00000,
,,,-00.000000512000,   0.00000,
,,,-00.000000510000,   0.00000,
,,,-00.000000508000,   0.00000,
,,,-00.000000506000,   0.00000,
,,,-00.000000504000,   0.00000,
,,,-00.000000502000,   0.00000,
,,,-00.000000500000,   0.00000,
,,,-00.000000498000,   0.00000,
,,,-00.000000496000,   0.00000,
,,,-00.000000494000,   0.00000,
,,,-00.000000492000,   0.00000,
,,,-00.000000490000,   0.02840,
,,,-00.000000488000,   0.02840,
,,,-00.000000486000,   0.08520,
,,,-00.000000484000,   1.19280,
,,,-00.000000482000,   3.09560,
,,,-00.000000480000,   4.06120,
,,,-00.000000478000,   4.28840,
,,,-00.000000476000,   4.26000,
,,,-00.000000474000,   4.23160,
,,,-00.000000472000,   4.31680,
,,,-00.000000470000,   4.71440,
,,,-00.000000468000,   4.88480,
,,,-00.000000466000,   4.71440,
,,,-00.000000464000,   4.62920,
,,,-00.000000462000,   4.65760,
,,,-00.000000460000,   4.77120,
,,,-00.000000458000,   4.88480,
,,,-00.000000456000,   4.97000,
,,,-00.000000454000,   4.91320,
,,,-00.000000452000,   4.85640,
,,,-00.000000450000,   4.91320,
,,,-00.000000448000,   4.94160,
,,,-00.000000446000,   4.97000,
,,,-00.000000444000,   4.97000,
,,,-00.000000442000,   4.94160,
,,,-00.000000440000,   4.91320,
,,,-00.000000438000,   4.91320,
,,,-00.000000436000,   4.97000,
,,,-00.000000434000,   4.97000,
,,,-00.000000432000,   4.97000,
,,,-00.000000430000,   4.97000,
,,,-00.000000428000,   4.97000,
,,,-00.000000426000,   4.97000,
,,,-00.000000424000,   4.97000,
,,,-00.000000422000,   4.97000,
,,,-00.000000420000,   4.94160,
,,,-00.000000418000,   4.94160,
,,,-00.000000416000,   4.94160,
,,,-00.000000414000,   4.94160,
,,,-00.000000412000,   4.97000,
,,,-00.000000410000,   4.97000,
,,,-00.000000408000,   4.97000,
,,,-00.000000406000,   4.97000,
,,,-00.000000404000,   4.97000,
,,,-00.000000402000,   4.94160,
,,,-00.000000400000,   4.94160,
,,,-00.000000398000,   4.94160,
,,,-00.000000396000,   4.94160,
,,,-00.000000394000,   4.94160,
,,,-00.000000392000,   4.94160,
,,,-00.000000390000,   4.94160,
,,,-00.000000388000,   4.94160,
,,,-00.000000386000,   4.94160,
,,,-00.000000384000,   4.94160,
,,,-00.000000382000,   4.94160,
,,,-00.000000380000,   4.94160,
,,,-00.000000378000,   4.94160,
,,,-00.000000376000,   4.94160,
,,,-00.000000374000,   4.94160,
,,,-00.000000372000,   4.94160,
,,,-00.000000370000,   4.94160,
,,,-00.000000368000,   4.94160,
,,,-00.000000366000,   4.94160,
,,,-00.000000364000,   4.94160,
,,,-00.000000362000,   4.94160,
,,,-00.000000360000,   4.94160,
,,,-00.000000358000,   4.94160,
,,,-00.000000356000,   4.94160,
,,,-00.000000354000,   4.94160,
,,,-00.000000352000,   4.94160,
,,,-00.000000350000,   4.94160,
,,,-00.000000348000,   4.94160,
,,,-00.000000346000,   4.94160,
,,,-00.000000344000,   4.94160,
,,,-00.000000342000,   4.94160,
,,,-00.000000340000,   4.94160,
,,,-00.000000338000,   4.94160,
,,,-00.000000336000,   4.94160,
,,,-00.000000334000,   4.94160,
,,,-00.000000332000,   4.94160,
,,,-00.000000330000,   4.94160,
,,,-00.000000328000,   4.94160,
,,,-00.000000326000,   4.94160,
,,,-00.000000324000,   4.94160,
,,,-00.000000322000,   4.94160,
,,,-00.000000320000,   4.94160,
,,,-00.000000318000,   4.94160,
,,,-00.000000316000,   4.94160,
,,,-00.000000314000,   4.94160,
,,,-00.000000312000,   4.94160,
,,,-00.000000310000,   4.94160,
,,,-00.000000308000,   4.94160,
,,,-00.000000306000,   4.94160,
,,,-00.000000304000,   4.94160,
,,,-00.000000302000,   4.94160,
,,,-00.000000300000,   4.94160,
,,,-00.000000298000,   4.94160,
,,,-00.000000296000,   4.94160,
,,,-00.000000294000,   4.94160,
,,,-00.000000292000,   4.94160,
,,,-00.000000290000,   4.94160,
,,,-00.000000288000,   4.94160,
,,,-00.000000286000,   4.94160,
,,,-00.000000284000,   4.94160,
,,,-00.000000282000,   4.94160,
,,,-00.000000280000,   4.94160,
,,,-00.000000278000,   4.94160,
,,,-00.000000276000,   4.94160,
,,,-00.000000274000,   4.94160,
,,,-00.000000272000,   4.94160,
,,,-00.000000270000,   4.94160,
,,,-00.000000268000,   4.94160,
,,,-00.000000266000,   4.94160,
,,,-00.000000264000,   4.94160,
,,,-00.000000262000,   4.94160,
,,,-00.000000260000,   4.94160,
,,,-00.000000258000,   4.94160,
,,,-00.000000256000,   4.94160,
,,,-00.000000254000,   4.94160,
,,,-00.000000252000,   4.94160,
,,,-00.000000250000,   4.94160,
,,,-00.000000248000,   4.91320,
,,,-00.000000246000,   4.91320,
,,,-00.000000244000,   4.91320,
,,,-00.000000242000,   4.91320,
,,,-00.000000240000,   4.91320,
,,,-00.000000238000,   4.91320,
,,,-00.000000236000,   4.62920,
,,,-00.000000234000,   2.92520,
,,,-00.000000232000,   1.27800,
,,,-00.000000230000,   0.62480,
,,,-00.000000228000,   0.51120,
,,,-00.000000226000,   0.53960,
,,,-00.000000224000,   0.56800,
,,,-00.000000222000,   0.34080,
,,,-00.000000220000,  -0.05680,
,,,-00.000000218000,  -0.05680,
,,,-00.000000216000,   0.17040,
,,,-00.000000214000,   0.22720,
,,,-00.000000212000,   0.17040,
,,,-00.000000210000,   0.08520,
,,,-00.000000208000,  -0.02840,
,,,-00.000000206000,  -0.08520,
,,,-00.000000204000,   0.02840,
,,,-00.000000202000,   0.02840,
,,,-00.000000200000,  -0.02840,
,,,-00.000000198000,  -0.05680,
,,,-00.000000196000,  -0.05680,
,,,-00.000000194000,  -0.05680,
,,,-00.000000192000,   0.00000,
,,,-00.000000190000,   0.02840,
,,,-00.000000188000,   0.00000,
,,,-00.000000186000,  -0.02840,
,,,-00.000000184000,  -0.05680,
,,,-00.000000182000,  -0.05680,
,,,-00.000000180000,  -0.05680,
,,,-00.000000178000,  -0.02840,
,,,-00.000000176000,  -0.05680,
,,,-00.000000174000,  -0.05680,
,,,-00.000000172000,  -0.02840,
,,,-00.000000170000,  -0.02840,
,,,-00.000000168000,  -0.02840,
,,,-00.000000166000,  -0.02840,
,,,-00.000000164000,  -0.02840,
,,,-00.000000162000,  -0.02840,
,,,-00.000000160000,  -0.02840,
,,,-00.000000158000,  -0.02840,
,,,-00.000000156000,  -0.02840,
,,,-00.000000154000,  -0.02840,
,,,-00.000000152000,  -0.02840,
,,,-00.000000150000,  -0.02840,
,,,-00.000000148000,  -0.02840,
,,,-00.000000146000,   0.00000,
,,,-00.000000144000,   0.00000,
,,,-00.000000142000,  -0.02840,
,,,-00.000000140000,  -0.02840,
,,,-00.000000138000,  -0.02840,
,,,-00.000000136000,  -0.02840,
,,,-00.000000134000,  -0.02840,
,,,-00.000000132000,  -0.02840,
,,,-00.000000130000,  -0.02840,
,,,-00.000000128000,  -0.02840,
,,,-00.000000126000,  -0.02840,
,,,-00.000000124000,   0.00000,
,,,-00.000000122000,  -0.02840,
,,,-00.000000120000,  -0.02840,
,,,-00.000000118000,  -0.02840,
,,,-00.000000116000,  -0.02840,
,,,-00.000000114000,  -0.02840,
,,,-00.000000112000,  -0.02840,
,,,-00.000000110000,  -0.02840,
,,,-00.000000108000,   0.00000,
,,,-00.000000106000,   0.00000,
,,,-00.000000104000,   0.00000,
,,,-00.000000102000,   0.00000,
,,,-00.000000100000,   0.00000,
,,,-00.000000098000,   0.00000,
,,,-00.000000096000,   0.00000,
,,,-00.000000094000,   0.00000,
,,,-00.000000092000,  -0.02840,
,,,-00.000000090000,  -0.02840,
,,,-00.000000088000,   0.00000,
,,,-00.000000086000,   0.00000,
,,,-00.000000084000,   0.00000,
,,,-00.000000082000,   0.00000,
,,,-00.000000080000,   0.00000,
,,,-00.000000078000,   0.00000,
,,,-00.000000076000,   0.00000,
,,,-00.000000074000,   0.00000,
,,,-00.000000072000,   0.00000,
,,,-00.000000070000,   0.00000,
,,,-00.000000068000,   0.00000,
,,,-00.000000066000,   0.00000,
,,,-00.000000064000,   0.00000,
,,,-00.000000062000,   0.00000,
,,,-00.000000060000,   0.00000,
,,,-00.000000058000,   0.00000,
,,,-00.000000056000,   0.00000,
,,,-00.000000054000,   0.00000,
,,,-00.000000052000,   0.00000,
,,,-00.000000050000,   0.00000,
,,,-00.000000048000,   0.00000,
,,,-00.000000046000,   0.00000,
,,,-00.000000044000,   0.00000,
,,,-00.000000042000,   0.00000,
,,,-00.000000040000,   0.00000,
,,,-00.000000038000,   0.00000,
,,,-00.000000036000,   0.00000,
,,,-00.000000034000,   0.00000,
,,,-00.000000032000,   0.00000,
,,,-00.000000030000,   0.00000,
,,,-00.000000028000,   0.00000,
,,,-00.000000026000,   0.00000,
,,,-00.000000024000,   0.00000,
,,,-00.000000022000,   0.00000,
,,,-00.000000020000,   0.00000,
,,,-00.000000018000,   0.00000,
,,,-00.000000016000,   0.00000,
,,,-00.000000014000,   0.00000,
,,,-00.000000012000,   0.00000,
,,,-00.000000010000,   0.00000,
,,,-00.000000008000,   0.00000,
,,,-00.000000006000,   0.00000,
,,,-00.000000004000,   0.00000,
,,,-00.000000002000,   0.00000,
,,,-00.000000000000,   0.00000,
,,,00.000000002000,   0.00000,
,,,00.000000004000,   0.00000,
,,,00.000000006000,   0.00000,
,,,00.000000008000,   0.00000,
,,,00.000000010000,   0.00000,
,,,00.000000012000,   0.00000,
,,,00.000000014000,   0.08520,
,,,00.000000016000,   1.22120,
,,,00.000000018000,   3.12400,
,,,00.000000020000,   4.06120,
,,,00.000000022000,   4.28840,
,,,00.000000024000,   4.26000,
,,,00.000000026000,   4.23160,
,,,00.000000028000,   4.31680,
,,,00.000000030000,   4.71440,
,,,00.000000032000,   4.88480,
,,,00.000000034000,   4.71440,
,,,00.000000036000,   4.62920,
,,,00.000000038000,   4.68600,
,,,00.000000040000,   4.77120,
,,,00.000000042000,   4.88480,
,,,00.000000044000,   4.97000,
,,,00.000000046000,   4.91320,
,,,00.000000048000,   4.85640,
,,,00.000000050000,   4.91320,
,,,00.000000052000,   4.97000,
,,,00.000000054000,   4.97000,
,,,00.000000056000,   4.97000,
,,,00.000000058000,   4.94160,
,,,00.000000060000,   4.91320,
,,,00.000000062000,   4.91320,
,,,00.000000064000,   4.97000,
,,,00.000000066000,   4.97000,
,,,00.000000068000,   4.97000,
,,,00.000000070000,   4.97000,
,,,00.000000072000,   4.97000,
,,,00.000000074000,   4.97000,
,,,00.000000076000,   4.99840,
,,,00.000000078000,   4.97000,
,,,00.000000080000,   4.94160,
,,,00.000000082000,   4.94160,
,,,00.000000084000,   4.94160,
,,,00.000000086000,   4.97000,
,,,00.000000088000,   4.97000,
,,,00.000000090000,   4.97000,
,,,00.000000092000,   4.97000,
,,,00.000000094000,   4.97000,
,,,00.000000096000,   4.97000,
,,,00.000000098000,   4.97000,
,,,00.000000100000,   4.94160,
,,,00.000000102000,   4.94160,
,,,00.000000104000,   4.94160,
,,,00.000000106000,   4.94160,
,,,00.000000108000,   4.94160,
,,,00.000000110000,   4.94160,
,,,00.000000112000,   4.97000,
,,,00.000000114000,   4.97000,
,,,00.000000116000,   4.97000,
,,,00.000000118000,   4.94160,
,,,00.000000120000,   4.94160,
,,,00.000000122000,   4.94160,
,,,00.000000124000,   4.94160,
,,,00.000000126000,   4.94160,
,,,00.000000128000,   4.94160,
,,,00.000000130000,   4.94160,
,,,00.000000132000,   4.94160,
,,,00.000000134000,   4.94160,
,,,00.000000136000,   4.94160,
,,,00.000000138000,   4.94160,
,,,00.000000140000,   4.94160,
,,,00.000000142000,   4.94160,
,,,00.000000144000,   4.94160,
,,,00.000000146000,   4.94160,
,,,00.000000148000,   4.94160,
,,,00.000000150000,   4.94160,
,,,00.000000152000,   4.94160,
,,,00.000000154000,   4.94160,
,,,00.000000156000,   4.94160,
,,,00.000000158000,   4.94160,
,,,00.000000160000,   4.94160,
,,,00.000000162000,   4.94160,
,,,00.000000164000,   4.94160,
,,,00.000000166000,   4.94160,
,,,00.000000168000,   4.94160,
,,,00.000000170000,   4.94160,
,,,00.000000172000,   4.94160,
,,,00.000000174000,   4.94160,
,,,00.000000176000,   4.94160,
,,,00.000000178000,   4.94160,
,,,00.000000180000,   4.94160,
,,,00.000000182000,   4.94160,
,,,00.000000184000,   4.94160,
,,,00.000000186000,   4.94160,
,,,00.000000188000,   4.94160,
,,,00.000000190000,   4.94160,
,,,00.000000192000,   4.94160,
,,,00.000000194000,   4.94160,
,,,00.000000196000,   4.94160,
,,,00.000000198000,   4.94160,
,,,00.000000200000,   4.94160,
,,,00.000000202000,   4.94160,
,,,00.000000204000,   4.94160,
,,,00.000000206000,   4.94160,
,,,00.000000208000,   4.94160,
,,,00.000000210000,   4.94160,
,,,00.000000212000,   4.94160,
,,,00.000000214000,   4.94160,
,,,00.000000216000,   4.94160,
,,,00.000000218000,   4.94160,
,,,00.000000220000,   4.94160,
,,,00.000000222000,   4.94160,
,,,00.000000224000,   4.94160,
,,,00.000000226000,   4.94160,
,,,00.000000228000,   4.94160,
,,,00.000000230000,   4.94160,
,,,00.000000232000,   4.94160,
,,,00.000000234000,   4.94160,
,,,00.000000236000,   4.94160,
,,,00.000000238000,   4.94160,
,,,00.000000240000,   4.94160,
,,,00.000000242000,   4.94160,
,,,00.000000244000,   4.94160,
,,,00.000000246000,   4.94160,
,,,00.000000248000,   4.94160,
,,,00.000000250000,   4.94160,
,,,00.000000252000,   4.91320,
,,,00.000000254000,   4.91320,
,,,00.000000256000,   4.91320,
,,,00.000000258000,   4.91320,
,,,00.000000260000,   4.91320,
,,,00.000000262000,   4.91320,
,,,00.000000264000,   4.62920,
,,,00.000000266000,   2.89680,
,,,00.000000268000,   1.27800,
,,,00.000000270000,   0.62480,
,,,00.000000272000,   0.51120,
,,,00.000000274000,   0.53960,
,,,00.000000276000,   0.56800,
,,,00.000000278000,   0.34080,
,,,00.000000280000,  -0.05680,
,,,00.000000282000,  -0.02840,
,,,00.000000284000,   0.17040,
,,,00.000000286000,   0.22720,
,,,00.000000288000,   0.17040,
,,,00.000000290000,   0.08520,
,,,00.000000292000,  -0.02840,
,,,00.000000294000,  -0.05680,
,,,00.000000296000,   0.02840,
,,,00.000000298000,   0.02840,
,,,00.000000300000,  -0.02840,
,,,00.000000302000,  -0.05680,
,,,00.000000304000,  -0.05680,
,,,00.000000306000,  -0.05680,
,,,00.000000308000,   0.00000,
,,,00.000000310000,   0.02840,
,,,00.000000312000,   0.00000,
,,,00.000000314000,  -0.02840,
,,,00.000000316000,  -0.02840,
,,,00.000000318000,  -0.05680,
,,,00.000000320000,  -0.05680,
,,,00.000000322000,  -0.02840,
,,,00.000000324000,  -0.05680,
,,,00.000000326000,  -0.05680,
,,,00.000000328000,  -0.02840,
,,,00.000000330000,  -0.02840,
,,,00.000000332000,  -0.02840,
,,,00.000000334000,  -0.02840,
,,,00.000000336000,  -0.02840,
,,,00.000000338000,  -0.02840,
,,,00.000000340000,  -0.02840,
,,,00.000000342000,  -0.02840,
,,,00.000000344000,  -0.02840,
,,,00.000000346000,  -0.02840,
,,,00.000000348000,  -0.02840,
,,,00.000000350000,  -0.02840,
,,,00.000000352000,   0.00000,
,,,00.000000354000,   0.00000,
,,,00.000000356000,   0.00000,
,,,00.000000358000,   0.00000,
,,,00.000000360000,  -0.02840,
,,,00.000000362000,  -0.02840,
,,,00.000000364000,  -0.02840,
,,,00.000000366000,  -0.02840,
,,,00.000000368000,  -0.02840,
,,,00.000000370000,  -0.02840,
,,,00.000000372000,   0.00000,
,,,00.000000374000,   0.00000,
,,,00.000000376000,   0.00000,
,,,00.000000378000,   0.00000,
,,,00.000000380000,  -0.02840,
,,,00.000000382000,  -0.02840,
,,,00.000000384000,  -0.02840,
,,,00.000000386000,  -0.02840,
,,,00.000000388000,  -0.02840,
,,,00.000000390000,  -0.02840,
,,,00.000000392000,   0.00000,
,,,00.000000394000,   0.00000,
,,,00.000000396000,   0.00000,
,,,00.000000398000,   0.00000,
,,,00.000000400000,   0.00000,
,,,00.000000402000,   0.00000,
,,,00.000000404000,   0.00000,
,,,00.000000406000,   0.00000,
,,,00.000000408000,  -0.02840,
,,,00.000000410000,   0.00000,
,,,00.000000412000,   0.00000,
,,,00.000000414000,   0.00000,
,,,00.000000416000,   0.00000,
,,,00.000000418000,   0.00000,
,,,00.000000420000,   0.00000,
,,,00.000000422000,   0.00000,
,,,00.000000424000,   0.00000,
,,,00.000000426000,   0.00000,
,,,00.000000428000,   0.00000,
,,,00.000000430000,   0.00000,
,,,00.000000432000,   0.00000,
,,,00.000000434000,   0.00000,
,,,00.000000436000,   0.00000,
,,,00.000000438000,   0.00000,
,,,00.000000440000,   0.00000,
,,,00.000000442000,   0.00000,
,,,00.000000444000,   0.00000,
,,,00.000000446000,   0.00000,
,,,00.000000448000,   0.00000,
,,,00.000000450000,   0.00000,
,,,00.000000452000,   0.00000,
,,,00.000000454000,   0.00000,
,,,00.000000456000,   0.00000,
,,,00.000000458000,   0.00000,
,,,00.000000460000,   0.00000,
,,,00.000000462000,   0.00000,
,,,00.000000464000,   0.00000,
,,,00.000000466000,   0.00000,
,,,00.000000468000,   0.00000,
,,,00.000000470000,   0.00000,
,,,00.000000472000,   0.00000,
,,,00.000000474000,   0.00000,
,,,00.000000476000,   0.00000,
,,,00.000000478000,   0.00000,
,,,00.000000480000,   0.00000,
,,,00.000000482000,   0.00000,
,,,00.000000484000,   0.00000,
,,,00.000000486000,   0.00000,
,,,00.000000488000,   0.00000,
,,,00.000000490000,   0.00000,
,,,00.000000492000,   0.00000,
,,,00.000000494000,   0.00000,
,,,00.000000496000,   0.00000,
,,,00.000000498000,   0.00000,
,,,00.000000500000,   0.00000,
,,,00.000000502000,   0.00000,
,,,00.000000504000,   0.00000,
,,,00.000000506000,   0.00000,
,,,00.000000508000,   0.00000,
,,,00.000000510000,   0.00000,
,,,00.000000512000,   0.00000,
,,,00.000000514000,   0.08520,
,,,00.000000516000,   1.24960,
,,,00.000000518000,   3.15240,
,,,00.000000520000,   4.08960,
,,,00.000000522000,   4.28840,
,,,00.000000524000,   4.26000,
,,,00.000000526000,   4.23160,
,,,00.000000528000,   4.31680,
,,,00.000000530000,   4.74280,
,,,00.000000532000,   4.88480,
,,,00.000000534000,   4.71440,
,,,00.000000536000,   4.62920,
,,,00.000000538000,   4.68600,
,,,00.000000540000,   4.77120,
,,,00.000000542000,   4.88480,
,,,00.000000544000,   4.97000,
,,,00.000000546000,   4.91320,
,,,00.000000548000,   4.85640,
,,,00.000000550000,   4.91320,
,,,00.000000552000,   4.97000,
,,,00.000000554000,   4.97000,
,,,00.000000556000,   4.97000,
,,,00.000000558000,   4.94160,
,,,00.000000560000,   4.91320,
,,,00.000000562000,   4.91320,
,,,00.000000564000,   4.97000,
,,,00.000000566000,   4.97000,
,,,00.000000568000,   4.97000,
,,,00.000000570000,   4.97000,
,,,00.000000572000,   4.97000,
,,,00.000000574000,   4.97000,
,,,00.000000576000,   4.97000,
,,,00.000000578000,   4.97000,
,,,00.000000580000,   4.94160,
,,,00.000000582000,   4.94160,
,,,00.000000584000,   4.94160,
,,,00.000000586000,   4.94160,
,,,00.000000588000,   4.97000,
,,,00.000000590000,   4.97000,
,,,00.000000592000,   4.97000,
,,,00.000000594000,   4.97000,
,,,00.000000596000,   4.97000,
,,,00.000000598000,   4.97000,
,,,00.000000600000,   4.94160,
,,,00.000000602000,   4.94160,
,,,00.000000604000,   4.94160,
,,,00.000000606000,   4.94160,
,,,00.000000608000,   4.94160,
,,,00.000000610000,   4.94160,
,,,00.000000612000,   4.94160,
,,,00.000000614000,   4.94160,
,,,00.000000616000,   4.94160,
,,,00.000000618000,   4.94160,
,,,00.000000620000,   4.94160,
,,,00.000000622000,   4.94160,
,,,00.000000624000,   4.94160,
,,,00.000000626000,   4.94160,
,,,00.000000628000,   4.94160,
,,,00.000000630000,   4.94160,
,,,00.000000632000,   4.94160,
,,,00.000000634000,   4.94160,
,,,00.000000636000,   4.94160,
,,,00.000000638000,   4.94160,
,,,00.000000640000,   4.94160,
,,,00.000000642000,   4.94160,
,,,00.000000644000,   4.94160,
,,,00.000000646000,   4.94160,
,,,00.000000648000,   4.94160,
,,,00.000000650000,   4.94160,
,,,00.000000652000,   4.94160,
,,,00.000000654000,   4.94160,
,,,00.000000656000,   4.94160,
,,,00.000000658000,   4.94160,
,,,00.000000660000,   4.94160,
,,,00.000000662000,   4.94160,
,,,00.000000664000,   4.94160,
,,,00.000000666000,   4.94160,
,,,00.000000668000,   4.94160,
,,,00.000000670000,   4.94160,
,,,00.000000672000,   4.94160,
,,,00.000000674000,   4.94160,
,,,00.000000676000,   4.94160,
,,,00.000000678000,   4.94160,
,,,00.000000680000,   4.94160,
,,,00.000000682000,   4.94160,
,,,00.000000684000,   4.94160,
,,,00.000000686000,   4.94160,
,,,00.000000688000,   4.94160,
,,,00.000000690000,   4.94160,
,,,00.000000692000,   4.94160,
,,,00.000000694000,   4.94160,
,,,00.000000696000,   4.94160,
,,,00.000000698000,   4.94160,
,,,00.000000700000,   4.94160,
,,,00.000000702000,   4.94160,
,,,00.000000704000,   4.94160,
,,,00.000000706000,   4.94160,
,,,00.000000708000,   4.94160,
,,,00.000000710000,   4.94160,
,,,00.000000712000,   4.94160,
,,,00.000000714000,   4.94160,
,,,00.000000716000,   4.94160,
,,,00.000000718000,   4.94160,
,,,00.000000720000,   4.94160,
,,,00.000000722000,   4.94160,
,,,00.000000724000,   4.94160,
,,,00.000000726000,   4.94160,
,,,00.000000728000,   4.94160,
,,,00.000000730000,   4.94160,
,,,00.000000732000,   4.94160,
,,,00.000000734000,   4.94160,
,,,00.000000736000,   4.94160,
,,,00.000000738000,   4.94160,
,,,00.000000740000,   4.94160,
,,,00.000000742000,   4.94160,
,,,00.000000744000,   4.94160,
,,,00.000000746000,   4.94160,
,,,00.000000748000,   4.94160,
,,,00.000000750000,   4.94160,
,,,00.000000752000,   4.91320,
,,,00.000000754000,   4.91320,
,,,00.000000756000,   4.91320,
,,,00.000000758000,   4.91320,
,,,00.000000760000,   4.91320,
,,,00.000000762000,   4.91320,
,,,00.000000764000,   4.60080,
,,,00.000000766000,   2.86840,
,,,00.000000768000,   1.24960,
,,,00.000000770000,   0.62480,
,,,00.000000772000,   0.51120,
,,,00.000000774000,   0.56800,
,,,00.000000776000,   0.56800,
,,,00.000000778000,   0.34080,
,,,00.000000780000,  -0.05680,
,,,00.000000782000,  -0.02840,
,,,00.000000784000,   0.17040,
,,,00.000000786000,   0.22720,
,,,00.000000788000,   0.17040,
,,,00.000000790000,   0.08520,
,,,00.000000792000,  -0.02840,
,,,00.000000794000,  -0.05680,
,,,00.000000796000,   0.02840,
,,,00.000000798000,   0.02840,
,,,00.000000800000,  -0.02840,
,,,00.000000802000,  -0.05680,
,,,00.000000804000,  -0.05680,
,,,00.000000806000,  -0.05680,
,,,00.000000808000,   0.00000,
,,,00.000000810000,   0.02840,
,,,00.000000812000,   0.00000,
,,,00.000000814000,  -0.02840,
,,,00.000000816000,  -0.05680,
,,,00.000000818000,  -0.05680,
,,,00.000000820000,  -0.05680,
,,,00.000000822000,  -0.02840,
,,,00.000000824000,  -0.05680,
,,,00.000000826000,  -0.05680,
,,,00.000000828000,  -0.02840,
,,,00.000000830000,  -0.02840,
,,,00.000000832000,  -0.02840,
,,,00.000000834000,  -0.02840,
,,,00.000000836000,  -0.02840,
,,,00.000000838000,  -0.02840,
,,,00.000000840000,  -0.02840,
,,,00.000000842000,  -0.02840,
,,,00.000000844000,  -0.02840,
,,,00.000000846000,  -0.02840,
,,,00.000000848000,  -0.02840,
,,,00.000000850000,  -0.02840,
,,,00.000000852000,  -0.02840,
,,,00.000000854000,   0.00000,
,,,00.000000856000,   0.00000,
,,,00.000000858000,  -0.02840,
,,,00.000000860000,  -0.02840,
,,,00.000000862000,  -0.02840,
,,,00.000000864000,  -0.02840,
,,,00.000000866000,  -0.02840,
,,,00.000000868000,  -0.02840,
,,,00.000000870000,  -0.02840,
,,,00.000000872000,  -0.02840,
,,,00.000000874000,  -0.02840,
,,,00.000000876000,   0.00000,
,,,00.000000878000,  -0.02840,
,,,00.000000880000,  -0.02840,
,,,00.000000882000,  -0.02840,
,,,00.000000884000,  -0.02840,
,,,00.000000886000,  -0.02840,
,,,00.000000888000,  -0.02840,
,,,00.000000890000,  -0.02840,
,,,00.000000892000,   0.00000,
,,,00.000000894000,   0.00000,
,,,00.000000896000,   0.00000,
,,,00.000000898000,   0.00000,
,,,00.000000900000,   0.00000,
,,,00.000000902000,   0.00000,
,,,00.000000904000,   0.00000,
,,,00.000000906000,   0.00000,
,,,00.000000908000,   0.00000,
,,,00.000000910000,   0.00000,
,,,00.000000912000,   0.00000,
,,,00.000000914000,   0.00000,
,,,00.000000916000,   0.00000,
,,,00.000000918000,   0.00000,
,,,00.000000920000,   0.00000,
,,,00.000000922000,   0.00000,
,,,00.000000924000,   0.00000,
,,,00.000000926000,   0.00000,
,,,00.000000928000,   0.00000,
,,,00.000000930000,   0.00000,
,,,00.000000932000,   0.00000,
,,,00.000000934000,   0.00000,
,,,00.000000936000,   0.00000,
,,,00.000000938000,   0.00000,
,,,00.000000940000,   0.00000,
,,,00.000000942000,   0.00000,
,,,00.000000944000,   0.00000,
,,,00.000000946000,   0.00000,
,,,00.000000948000,   0.00000,
,,,00.000000950000,   0.00000,
,,,00.000000952000,   0.00000,
,,,00.000000954000,   0.00000,
,,,00.000000956000,   0.00000,
,,,00.000000958000,   0.00000,
,,,00.000000960000,   0.00000,
,,,00.000000962000,   0.00000,
,,,00.000000964000,   0.00000,
,,,00.000000966000,   0.00000,
,,,00.000000968000,   0.00000,
,,,00.000000970000,   0.00000,
,,,00.000000972000,   0.00000,
,,,00.000000974000,   0.00000,
,,,00.000000976000,   0.00000,
,,,00.000000978000,   0.00000,
,,,00.000000980000,   0.00000,
,,,00.000000982000,   0.00000,
,,,00.000000984000,   0.00000,
,,,00.000000986000,   0.00000,
,,,00.000000988000,   0.00000,
,,,00.000000990000,   0.00000,
,,,00.000000992000,   0.00000,
,,,00.000000994000,   0.00000,
,,,00.000000996000,   0.00000,
,,,00.000000998000,   0.00000,
,,,00.000001000000,   0.00000,
,,,00.000001002000,   0.00000,
,,,00.000001004000,   0.00000,
,,,00.000001006000,   0.00000,
,,,00.000001008000,   0.00000,
,,,00.000001010000,   0.00000,
,,,00.000001012000,   0.00000,
,,,00.000001014000,   0.08520,
,,,00.000001016000,   1.27800,
,,,00.000001018000,   3.15240,
,,,00.000001020000,   4.08960,
,,,00.000001022000,   4.28840,
,,,00.000001024000,   4.26000,
,,,00.000001026000,   4.23160,
,,,00.000001028000,   4.31680,
,,,00.000001030000,   4.74280,
,,,00.000001032000,   4.88480,
,,,00.000001034000,   4.71440,
,,,00.000001036000,   4.62920,
,,,00.000001038000,   4.68600,
,,,00.000001040000,   4.77120,
,,,00.000001042000,   4.88480,
,,,00.000001044000,   4.97000,
,,,00.000001046000,   4.91320,
,,,00.000001048000,   4.85640,
,,,00.000001050000,   4.91320,
,,,00.000001052000,   4.97000,
,,,00.000001054000,   4.97000,
,,,00.000001056000,   4.97000,
,,,00.000001058000,   4.94160,
,,,00.000001060000,   4.91320,
,,,00.000001062000,   4.91320,
,,,00.000001064000,   4.97000,
,,,00.000001066000,   4.97000,
,,,00.000001068000,   4.97000,
,,,00.000001070000,   4.97000,
,,,00.000001072000,   4.97000,
,,,00.000001074000,   4.97000,
,,,00.000001076000,   4.97000,
,,,00.000001078000,   4.97000,
,,,00.000001080000,   4.94160,
,,,00.000001082000,   4.94160,
,,,00.000001084000,   4.94160,
,,,00.000001086000,   4.94160,
,,,00.000001088000,   4.97000,
,,,00.000001090000,   4.97000,
,,,00.000001092000,   4.97000,
,,,00.000001094000,   4.97000,
,,,00.000001096000,   4.97000,
,,,00.000001098000,   4.94160,
,,,00.000001100000,   4.94160,
,,,00.000001102000,   4.94160,
,,,00.000001104000,   4.94160,
,,,00.000001106000,   4.94160,
,,,00.000001108000,   4.94160,
,,,00.000001110000,   4.94160,
,,,00.000001112000,   4.94160,
,,,00.000001114000,   4.94160,
,,,00.000001116000,   4.94160,
,,,00.000001118000,   4.94160,
,,,00.000001120000,   4.94160,
,,,00.000001122000,   4.94160,
,,,00.000001124000,   4.94160,
,,,00.000001126000,   4.94160,
,,,00.000001128000,   4.94160,
,,,00.000001130000,   4.94160,
,,,00.000001132000,   4.94160,
,,,00.000001134000,   4.94160,
,,,00.000001136000,   4.94160,
,,,00.000001138000,   4.94160,
,,,00.000001140000,   4.94160,
,,,00.000001142000,   4.94160,
,,,00.000001144000,   4.94160,
,,,00.000001146000,   4.94160,
,,,00.000001148000,   4.94160,
,,,00.000001150000,   4.94160,
,,,00.000001152000,   4.94160,
,,,00.000001154000,   4.94160,
,,,00.000001156000,   4.94160,
,,,00.000001158000,   4.94160,
,,,00.000001160000,   4.94160,
,,,00.000001162000,   4.94160,
,,,00.000001164000,   4.94160,
,,,00.000001166000,   4.94160,
,,,00.000001168000,   4.94160,
,,,00.000001170000,   4.94160,
,,,00.000001172000,   4.94160,
,,,00.000001174000,   4.94160,
,,,00.000001176000,   4.94160,
,,,00.000001178000,   4.94160,
,,,00.000001180000,   4.94160,
,,,00.000001182000,   4.94160,
,,,00.000001184000,   4.94160,
,,,00.000001186000,   4.94160,
,,,00.000001188000,   4.94160,
,,,00.000001190000,   4.94160,
,,,00.000001192000,   4.94160,
,,,00.000001194000,   4.94160,
,,,00.000001196000,   4.94160,
,,,00.000001198000,   4.94160,
,,,00.000001200000,   4.94160,
,,,00.000001202000,   4.94160,
,,,00.000001204000,   4.94160,
,,,00.000001206000,   4.94160,
,,,00.000001208000,   4.94160,
,,,00.000001210000,   4.94160,
,,,00.000001212000,   4.94160,
,,,00.000001214000,   4.94160,
,,,00.000001216000,   4.94160,
,,,00.000001218000,   4.94160,
,,,00.000001220000,   4.94160,
,,,00.000001222000,   4.94160,
,,,00.000001224000,   4.94160,
,,,00.000001226000,   4.94160,
,,,00.000001228000,   4.94160,
,,,00.000001230000,   4.94160,
,,,00.000001232000,   4.94160,
,,,00.000001234000,   4.94160,
,,,00.000001236000,   4.94160,
,,,00.000001238000,   4.94160,
,,,00.000001240000,   4.94160,
,,,00.000001242000,   4.94160,
,,,00.000001244000,   4.94160,
,,,00.000001246000,   4.94160,
,,,00.000001248000,   4.94160,
,,,00.000001250000,   4.94160,
,,,00.000001252000,   4.91320,
,,,00.000001254000,   4.91320,
,,,00.000001256000,   4.91320,
,,,00.000001258000,   4.91320,
,,,00.000001260000,   4.91320,
,,,00.000001262000,   4.91320,
,,,00.000001264000,   4.60080,
,,,00.000001266000,   2.84000,
,,,00.000001268000,   1.24960,
,,,00.000001270000,   0.62480,
,,,00.000001272000,   0.51120,
,,,00.000001274000,   0.56800,
,,,00.000001276000,   0.56800,
,,,00.000001278000,   0.34080,
,,,00.000001280000,  -0.05680,
,,,00.000001282000,  -0.02840,
,,,00.000001284000,   0.17040,
,,,00.000001286000,   0.22720,
,,,00.000001288000,   0.17040,
,,,00.000001290000,   0.08520,
,,,00.000001292000,  -0.02840,
,,,00.000001294000,  -0.05680,
,,,00.000001296000,   0.02840,
,,,00.000001298000,   0.02840,
,,,00.000001300000,  -0.02840,
,,,00.000001302000,  -0.05680,
,,,00.000001304000,  -0.05680,
,,,00.000001306000,  -0.05680,
,,,00.000001308000,   0.00000,
,,,00.000001310000,   0.02840,
,,,00.000001312000,   0.00000,
,,,00.000001314000,  -0.02840,
,,,00.000001316000,  -0.02840,
,,,00.000001318000,  -0.02840,
,,,00.000001320000,  -0.02840,
,,,00.000001322000,  -0.02840,
,,,00.000001324000,  -0.05680,
,,,00.000001326000,  -0.05680,
,,,00.000001328000,  -0.02840,
,,,00.000001330000,  -0.02840,
,,,00.000001332000,  -0.02840,
,,,00.000001334000,  -0.02840,
,,,00.000001336000,  -0.02840,
,,,00.000001338000,  -0.02840,
,,,00.000001340000,  -0.02840,
,,,00.000001342000,  -0.02840,
,,,00.000001344000,  -0.02840,
,,,00.000001346000,  -0.02840,
,,,00.000001348000,  -0.02840,
,,,00.000001350000,  -0.02840,
,,,00.000001352000,   0.00000,
,,,00.000001354000,   0.00000,
,,,00.000001356000,   0.00000,
,,,00.000001358000,  -0.02840,
,,,00.000001360000,  -0.02840,
,,,00.000001362000,  -0.02840,
,,,00.000001364000,  -0.02840,
,,,00.000001366000,  -0.02840,
,,,00.000001368000,  -0.02840,
,,,00.000001370000,  -0.02840,
,,,00.000001372000,   0.00000,
,,,00.000001374000,   0.00000,
,,,00.000001376000,   0.00000,
,,,00.000001378000,   0.00000,
,,,00.000001380000,  -0.02840,
,,,00.000001382000,  -0.02840,
,,,00.000001384000,  -0.02840,
,,,00.000001386000,  -0.02840,
,,,00.000001388000,  -0.02840,
,,,00.000001390000,  -0.02840,
,,,00.000001392000,   0.00000,
,,,00.000001394000,   0.00000,
,,,00.000001396000,   0.00000,
,,,00.000001398000,   0.00000,
,,,00.000001400000,   0.00000,
,,,00.000001402000,   0.00000,
,,,00.000001404000,   0.00000,
,,,00.000001406000,   0.00000,
,,,00.000001408000,   0.00000,
,,,00.000001410000,   0.00000,
,,,00.000001412000,   0.00000,
,,,00.000001414000,   0.00000,
,,,00.000001416000,   0.00000,
,,,00.000001418000,   0.00000,
,,,00.000001420000,   0.00000,
,,,00.000001422000,   0.00000,
,,,00.000001424000,   0.00000,
,,,00.000001426000,   0.00000,
,,,00.000001428000,   0.00000,
,,,00.000001430000,   0.00000,
,,,00.000001432000,   0.00000,
,,,00.000001434000,   0.00000,
,,,00.000001436000,   0.00000,
,,,00.000001438000,   0.00000,
,,,00.000001440000,   0.00000,
,,,00.000001442000,   0.00000,
,,,00.000001444000,   0.00000,
,,,00.000001446000,   0.00000,
,,,00.000001448000,   0.00000,
,,,00.000001450000,   0.00000,
,,,00.000001452000,   0.00000,
,,,00.000001454000,   0.00000,
,,,00.000001456000,   0.00000,
,,,00.000001458000,   0.00000,
,,,00.000001460000,   0.00000,
,,,00.000001462000,   0.00000,
,,,00.000001464000,   0.00000,
,,,00.000001466000,   0.00000,
,,,00.000001468000,   0.00000,
,,,00.000001470000,   0.00000,
,,,00.000001472000,   0.00000,
,,,00.000001474000,   0.00000,
,,,00.000001476000,   0.00000,
,,,00.000001478000,   0.00000,
,,,00.000001480000,   0.00000,
,,,00.000001482000,   0.00000,
,,,00.000001484000,   0.00000,
,,,00.000001486000,   0.00000,
,,,00.000001488000,   0.00000,
,,,00.000001490000,   0.00000,
,,,00.000001492000,   0.00000,
,,,00.000001494000,   0.00000,
,,,00.000001496000,   0.00000,
,,,00.000001498000,   0.00000,
,,,00.000001500000,   0.00000,
,,,00.000001502000,   0.00000,
,,,00.000001504000,   0.00000,
,,,00.000001506000,   0.00000,
,,,00.000001508000,   0.00000,
,,,00.000001510000,   0.00000,
,,,00.000001512000,   0.00000,
,,,00.000001514000,   0.11360,
,,,00.000001516000,   1.30640,
,,,00.000001518000,   3.18080,
,,,00.000001520000,   4.08960,
,,,00.000001522000,   4.28840,
,,,00.000001524000,   4.26000,
,,,00.000001526000,   4.23160,
,,,00.000001528000,   4.31680,
,,,00.000001530000,   4.74280,
,,,00.000001532000,   4.88480,
,,,00.000001534000,   4.71440,
,,,00.000001536000,   4.62920,
,,,00.000001538000,   4.68600,
,,,00.000001540000,   4.77120,
,,,00.000001542000,   4.88480,
,,,00.000001544000,   4.97000,
,,,00.000001546000,   4.91320,
,,,00.000001548000,   4.85640,
,,,00.000001550000,   4.91320,
,,,00.000001552000,   4.97000,
,,,00.000001554000,   4.97000,
,,,00.000001556000,   4.97000,
,,,00.000001558000,   4.94160,
,,,00.000001560000,   4.91320,
,,,00.000001562000,   4.91320,
,,,00.000001564000,   4.97000,
,,,00.000001566000,   4.97000,
,,,00.000001568000,   4.97000,
,,,00.000001570000,   4.97000,
,,,00.000001572000,   4.97000,
,,,00.000001574000,   4.97000,
,,,00.000001576000,   4.97000,
,,,00.000001578000,   4.97000,
,,,00.000001580000,   4.94160,
,,,00.000001582000,   4.94160,
,,,00.000001584000,   4.94160,
,,,00.000001586000,   4.94160,
,,,00.000001588000,   4.97000,
,,,00.000001590000,   4.97000,
,,,00.000001592000,   4.97000,
,,,00.000001594000,   4.97000,
,,,00.000001596000,   4.97000,
,,,00.000001598000,   4.97000,
,,,00.000001600000,   4.94160,
,,,00.000001602000,   4.94160,
,,,00.000001604000,   4.94160,
,,,00.000001606000,   4.94160,
,,,00.000001608000,   4.94160,
,,,00.000001610000,   4.94160,
,,,00.000001612000,   4.94160,
,,,00.000001614000,   4.97000,
,,,00.000001616000,   4.94160,
,,,00.000001618000,   4.94160,
,,,00.000001620000,   4.94160,
,,,00.000001622000,   4.94160,
,,,00.000001624000,   4.94160,
,,,00.000001626000,   4.94160,
,,,00.000001628000,   4.94160,
,,,00.000001630000,   4.94160,
,,,00.000001632000,   4.94160,
,,,00.000001634000,   4.94160,
,,,00.000001636000,   4.94160,
,,,00.000001638000,   4.94160,
,,,00.000001640000,   4.94160,
,,,00.000001642000,   4.94160,
,,,00.000001644000,   4.94160,
,,,00.000001646000,   4.94160,
,,,00.000001648000,   4.94160,
,,,00.000001650000,   4.94160,
,,,00.000001652000,   4.94160,
,,,00.000001654000,   4.94160,
,,,00.000001656000,   4.94160,
,,,00.000001658000,   4.94160,
,,,00.000001660000,   4.94160,
,,,00.000001662000,   4.94160,
,,,00.000001664000,   4.94160,
,,,00.000001666000,   4.94160,
,,,00.000001668000,   4.94160,
,,,00.000001670000,   4.94160,
,,,00.000001672000,   4.94160,
,,,00.000001674000,   4.94160,
,,,00.000001676000,   4.94160,
,,,00.000001678000,   4.94160,
,,,00.000001680000,   4.94160,
,,,00.000001682000,   4.94160,
,,,00.000001684000,   4.94160,
,,,00.000001686000,   4.94160,
,,,00.000001688000,   4.94160,
,,,00.000001690000,   4.94160,
,,,00.000001692000,   4.94160,
,,,00.000001694000,   4.94160,
,,,00.000001696000,   4.94160,
,,,00.000001698000,   4.94160,
,,,00.000001700000,   4.94160,
,,,00.000001702000,   4.94160,
,,,00.000001704000,   4.94160,
,,,00.000001706000,   4.94160,
,,,00.000001708000,   4.94160,
,,,00.000001710000,   4.94160,
,,,00.000001712000,   4.94160,
,,,00.000001714000,   4.94160,
,,,00.000001716000,   4.94160,
,,,00.000001718000,   4.94160,
,,,00.000001720000,   4.94160,
,,,00.000001722000,   4.94160,
,,,00.000001724000,   4.94160,
,,,00.000001726000,   4.94160,
,,,00.000001728000,   4.94160,
,,,00.000001730000,   4.94160,
,,,00.000001732000,   4.94160,
,,,00.000001734000,   4.94160,
,,,00.000001736000,   4.94160,
,,,00.000001738000,   4.94160,
,,,00.000001740000,   4.94160,
,,,00.000001742000,   4.94160,
,,,00.000001744000,   4.94160,
,,,00.000001746000,   4.94160,
,,,00.000001748000,   4.94160,
,,,00.000001750000,   4.91320,
,,,00.000001752000,   4.91320,
,,,00.000001754000,   4.91320,
,,,00.000001756000,   4.91320,
,,,00.000001758000,   4.91320,
,,,00.000001760000,   4.91320,
,,,00.000001762000,   4.91320,
,,,00.000001764000,   4.57240,
,,,00.000001766000,   2.81160,
,,,00.000001768000,   1.24960,
,,,00.000001770000,   0.62480,
,,,00.000001772000,   0.51120,
,,,00.000001774000,   0.56800,
,,,00.000001776000,   0.56800,
,,,00.000001778000,   0.34080,
,,,00.000001780000,  -0.05680,
,,,00.000001782000,  -0.02840,
,,,00.000001784000,   0.17040,
,,,00.000001786000,   0.22720,
,,,00.000001788000,   0.17040,
,,,00.000001790000,   0.08520,
,,,00.000001792000,  -0.02840,
,,,00.000001794000,  -0.05680,
,,,00.000001796000,   0.02840,
,,,00.000001798000,   0.02840,
,,,00.000001800000,  -0.02840,
,,,00.000001802000,  -0.05680,
,,,00.000001804000,  -0.05680,
,,,00.000001806000,  -0.05680,
,,,00.000001808000,   0.00000,
,,,00.000001810000,   0.02840,
,,,00.000001812000,   0.00000,
,,,00.000001814000,  -0.02840,
,,,00.000001816000,  -0.05680,
,,,00.000001818000,  -0.02840,
,,,00.000001820000,  -0.05680,
,,,00.000001822000,  -0.02840,
,,,00.000001824000,  -0.05680,
,,,00.000001826000,  -0.05680,
,,,00.000001828000,  -0.02840,
,,,00.000001830000,  -0.02840,
,,,00.000001832000,  -0.02840,
,,,00.000001834000,  -0.02840,
,,,00.000001836000,  -0.02840,
,,,00.000001838000,  -0.02840,
,,,00.000001840000,  -0.02840,
,,,00.000001842000,  -0.02840,
,,,00.000001844000,  -0.02840,
,,,00.000001846000,  -0.02840,
,,,00.000001848000,  -0.02840,
,,,00.000001850000,  -0.02840,
,,,00.000001852000,  -0.02840,
,,,00.000001854000,   0.00000,
,,,00.000001856000,   0.00000,
,,,00.000001858000,  -0.02840,
,,,00.000001860000,  -0.02840,
,,,00.000001862000,  -0.02840,
,,,00.000001864000,  -0.02840,
,,,00.000001866000,  -0.02840,
,,,00.000001868000,  -0.02840,
,,,00.000001870000,  -0.02840,
,,,00.000001872000,  -0.02840,
,,,00.000001874000,   0.00000,
,,,00.000001876000,   0.00000,
,,,00.000001878000,   0.00000,
,,,00.000001880000,  -0.02840,
,,,00.000001882000,  -0.02840,
,,,00.000001884000,  -0.02840,
,,,00.000001886000,  -0.02840,
,,,00.000001888000,  -0.02840,
,,,00.000001890000,  -0.02840,
,,,00.000001892000,   0.00000,
,,,00.000001894000,   0.00000,
,,,00.000001896000,   0.00000,
,,,00.000001898000,   0.00000,
,,,00.000001900000,   0.00000,
,,,00.000001902000,   0.00000,
,,,00.000001904000,   0.00000,
,,,00.000001906000,   0.00000,
,,,00.000001908000,   0.00000,
,,,00.000001910000,   0.00000,
,,,00.000001912000,   0.00000,
,,,00.000001914000,   0.00000,
,,,00.000001916000,   0.00000,
,,,00.000001918000,   0.00000,
,,,00.000001920000,   0.00000,
,,,00.000001922000,   0.00000,
,,,00.000001924000,   0.00000,
,,,00.000001926000,   0.00000,
,,,00.000001928000,   0.00000,
,,,00.000001930000,   0.00000,
,,,00.000001932000,   0.00000,
,,,00.000001934000,   0.00000,
,,,00.000001936000,   0.00000,
,,,00.000001938000,   0.00000,
,,,00.000001940000,   0.00000,
,,,00.000001942000,   0.00000,
,,,00.000001944000,   0.00000,
,,,00.000001946000,   0.00000,
,,,00.000001948000,   0.00000,
,,,00.000001950000,   0.00000,
,,,00.000001952000,   0.00000,
,,,00.000001954000,   0.00000,
,,,00.000001956000,   0.00000,
,,,00.000001958000,   0.00000,
,,,00.000001960000,   0.00000,
,,,00.000001962000,   0.00000,
,,,00.000001964000,   0.00000,
,,,00.000001966000,   0.00000,
,,,00.000001968000,   0.00000,
,,,00.000001970000,   0.00000,
,,,00.000001972000,   0.00000,
,,,00.000001974000,   0.00000,
,,,00.000001976000,   0.00000,
,,,00.000001978000,   0.00000,
,,,00.000001980000,   0.00000,
,,,00.000001982000,   0.00000,
,,,00.000001984000,   0.00000,
,,,00.000001986000,   0.00000,
,,,00.000001988000,   0.00000,
,,,00.000001990000,   0.00000,
,,,00.000001992000,   0.00000,
,,,00.000001994000,   0.00000,
,,,00.000001996000,   0.00000,
,,,00.000001998000,   0.00000,
,,,00.000002000000,   0.00000,
,,,00.000002002000,   0.00000,
,,,00.000002004000,   0.00000,
,,,00.000002006000,   0.00000,
,,,00.000002008000,   0.00000,
,,,00.000002010000,   0.00000,
,,,00.000002012000,   0.00000,
,,,00.000002014000,   0.11360,
,,,00.000002016000,   1.30640,
,,,00.000002018000,   3.18080,
,,,00.000002020000,   4.08960,
,,,00.000002022000,   4.28840,
,,,00.000002024000,   4.26000,
,,,00.000002026000,   4.23160,
,,,00.000002028000,   4.31680,
,,,00.000002030000,   4.74280,
,,,00.000002032000,   4.85640,
,,,00.000002034000,   4.68600,
,,,00.000002036000,   4.60080,
,,,00.000002038000,   4.68600,
,,,00.000002040000,   4.77120,
,,,00.000002042000,   4.88480,
,,,00.000002044000,   4.97000,
,,,00.000002046000,   4.91320,
,,,00.000002048000,   4.85640,
,,,00.000002050000,   4.91320,
,,,00.000002052000,   4.94160,
,,,00.000002054000,   4.97000,
,,,00.000002056000,   4.97000,
,,,00.000002058000,   4.94160,
,,,00.000002060000,   4.88480,
,,,00.000002062000,   4.91320,
,,,00.000002064000,   4.97000,
,,,00.000002066000,   4.97000,
,,,00.000002068000,   4.97000,
,,,00.000002070000,   4.97000,
,,,00.000002072000,   4.97000,
,,,00.000002074000,   4.97000,
,,,00.000002076000,   4.97000,
,,,00.000002078000,   4.97000,
,,,00.000002080000,   4.94160,
,,,00.000002082000,   4.94160,
,,,00.000002084000,   4.94160,
,,,00.000002086000,   4.94160,
,,,00.000002088000,   4.97000,
,,,00.000002090000,   4.97000,
,,,00.000002092000,   4.97000,
,,,00.000002094000,   4.97000,
,,,00.000002096000,   4.97000,
,,,00.000002098000,   4.94160,
,,,00.000002100000,   4.94160,
,,,00.000002102000,   4.94160,
,,,00.000002104000,   4.94160,
,,,00.000002106000,   4.94160,
,,,00.000002108000,   4.94160,
,,,00.000002110000,   4.94160,
,,,00.000002112000,   4.94160,
,,,00.000002114000,   4.94160,
,,,00.000002116000,   4.94160,
,,,00.000002118000,   4.94160,
,,,00.000002120000,   4.94160,
,,,00.000002122000,   4.94160,
,,,00.000002124000,   4.94160,
,,,00.000002126000,   4.94160,
,,,00.000002128000,   4.94160,
,,,00.000002130000,   4.94160,
,,,00.000002132000,   4.94160,
,,,00.000002134000,   4.94160,
,,,00.000002136000,   4.94160,
,,,00.000002138000,   4.94160,
,,,00.000002140000,   4.94160,
,,,00.000002142000,   4.94160,
,,,00.000002144000,   4.94160,
,,,00.000002146000,   4.94160,
,,,00.000002148000,   4.94160,
,,,00.000002150000,   4.94160,
,,,00.000002152000,   4.94160,
,,,00.000002154000,   4.94160,
,,,00.000002156000,   4.94160,
,,,00.000002158000,   4.94160,
,,,00.000002160000,   4.94160,
,,,00.000002162000,   4.94160,
,,,00.000002164000,   4.94160,
,,,00.000002166000,   4.94160,
,,,00.000002168000,   4.94160,
,,,00.000002170000,   4.94160,
,,,00.000002172000,   4.94160,
,,,00.000002174000,   4.94160,
,,,00.000002176000,   4.94160,
,,,00.000002178000,   4.94160,
,,,00.000002180000,   4.94160,
,,,00.000002182000,   4.94160,
,,,00.000002184000,   4.94160,
,,,00.000002186000,   4.94160,
,,,00.000002188000,   4.94160,
,,,00.000002190000,   4.94160,
,,,00.000002192000,   4.94160,
,,,00.000002194000,   4.94160,
,,,00.000002196000,   4.94160,
,,,00.000002198000,   4.94160,
,,,00.000002200000,   4.94160,
,,,00.000002202000,   4.94160,
,,,00.000002204000,   4.94160,
,,,00.000002206000,   4.94160,
,,,00.000002208000,   4.94160,
,,,00.000002210000,   4.94160,
,,,00.000002212000,   4.91320,
,,,00.000002214000,   4.94160,
,,,00.000002216000,   4.94160,
,,,00.000002218000,   4.94160,
,,,00.000002220000,   4.94160,
,,,00.000002222000,   4.94160,
,,,00.000002224000,   4.94160,
,,,00.000002226000,   4.94160,
,,,00.000002228000,   4.94160,
,,,00.000002230000,   4.94160,
,,,00.000002232000,   4.94160,
,,,00.000002234000,   4.94160,
,,,00.000002236000,   4.94160,
,,,00.000002238000,   4.94160,
,,,00.000002240000,   4.94160,
,,,00.000002242000,   4.94160,
,,,00.000002244000,   4.94160,
,,,00.000002246000,   4.94160,
,,,00.000002248000,   4.91320,
,,,00.000002250000,   4.91320,
,,,00.000002252000,   4.91320,
,,,00.000002254000,   4.91320,
,,,00.000002256000,   4.91320,
,,,00.000002258000,   4.91320,
,,,00.000002260000,   4.91320,
,,,00.000002262000,   4.91320,
,,,00.000002264000,   4.57240,
,,,00.000002266000,   2.81160,
,,,00.000002268000,   1.24960,
,,,00.000002270000,   0.65320,
,,,00.000002272000,   0.53960,
,,,00.000002274000,   0.59640,
,,,00.000002276000,   0.59640,
,,,00.000002278000,   0.34080,
,,,00.000002280000,  -0.05680,
,,,00.000002282000,  -0.02840,
,,,00.000002284000,   0.17040,
,,,00.000002286000,   0.22720,
,,,00.000002288000,   0.17040,
,,,00.000002290000,   0.08520,
,,,00.000002292000,  -0.02840,
,,,00.000002294000,  -0.05680,
,,,00.000002296000,   0.02840,
,,,00.000002298000,   0.02840,
,,,00.000002300000,  -0.02840,
,,,00.000002302000,  -0.05680,
,,,00.000002304000,  -0.05680,
,,,00.000002306000,  -0.05680,
,,,00.000002308000,   0.00000,
,,,00.000002310000,   0.02840,
,,,00.000002312000,   0.00000,
,,,00.000002314000,  -0.02840,
,,,00.000002316000,  -0.02840,
,,,00.000002318000,  -0.02840,
,,,00.000002320000,  -0.02840,
,,,00.000002322000,  -0.02840,
,,,00.000002324000,  -0.05680,
,,,00.000002326000,  -0.05680,
,,,00.000002328000,  -0.02840,
,,,00.000002330000,  -0.02840,
,,,00.000002332000,  -0.02840,
,,,00.000002334000,  -0.02840,
,,,00.000002336000,  -0.02840,
,,,00.000002338000,  -0.02840,
,,,00.000002340000,  -0.02840,
,,,00.000002342000,  -0.02840,
,,,00.000002344000,  -0.02840,
,,,00.000002346000,  -0.02840,
,,,00.000002348000,  -0.02840,
,,,00.000002350000,  -0.02840,
,,,00.000002352000,   0.00000,
,,,00.000002354000,   0.00000,
,,,00.000002356000,   0.00000,
,,,00.000002358000,   0.00000,
,,,00.000002360000,  -0.02840,
,,,00.000002362000,  -0.02840,
,,,00.000002364000,  -0.02840,
,,,00.000002366000,  -0.02840,
,,,00.000002368000,  -0.02840,
,,,00.000002370000,  -0.02840,
,,,00.000002372000,   0.00000,
,,,00.000002374000,   0.00000,
,,,00.000002376000,   0.00000,
,,,00.000002378000,   0.00000,
,,,00.000002380000,   0.00000,
,,,00.000002382000,  -0.02840,
,,,00.000002384000,  -0.02840,
,,,00.000002386000,  -0.02840,
,,,00.000002388000,  -0.02840,
,,,00.000002390000,  -0.02840,
,,,00.000002392000,   0.00000,
,,,00.000002394000,   0.00000,
,,,00.000002396000,   0.00000,
,,,00.000002398000,   0.00000,
,,,00.000002400000,   0.00000,
,,,00.000002402000,   0.00000,
,,,00.000002404000,   0.00000,
,,,00.000002406000,   0.00000,
,,,00.000002408000,   0.00000,
,,,00.000002410000,   0.00000,
,,,00.000002412000,   0.00000,
,,,00.000002414000,   0.00000,
,,,00.000002416000,   0.00000,
,,,00.000002418000,   0.00000,
,,,00.000002420000,   0.00000,
,,,00.000002422000,   0.00000,
,,,00.000002424000,   0.00000,
,,,00.000002426000,   0.00000,
,,,00.000002428000,   0.00000,
,,,00.000002430000,   0.00000,
,,,00.000002432000,   0.00000,
,,,00.000002434000,   0.00000,
,,,00.000002436000,   0.00000,
,,,00.000002438000,   0.00000,
,,,00.000002440000,   0.00000,
,,,00.000002442000,   0.00000,
,,,00.000002444000,   0.00000,
,,,00.000002446000,   0.00000,
,,,00.000002448000,   0.00000,
,,,00.000002450000,   0.00000,
,,,00.000002452000,   0.00000,
,,,00.000002454000,   0.00000,
,,,00.000002456000,   0.00000,
,,,00.000002458000,   0.00000,
,,,00.000002460000,   0.00000,
,,,00.000002462000,   0.00000,
,,,00.000002464000,   0.00000,
,,,00.000002466000,   0.00000,
,,,00.000002468000,   0.00000,
,,,00.000002470000,   0.00000,
,,,00.000002472000,   0.00000,
,,,00.000002474000,   0.00000,
,,,00.000002476000,   0.00000,
,,,00.000002478000,   0.00000,
,,,00.000002480000,   0.00000,
,,,00.000002482000,   0.00000,
,,,00.000002484000,   0.00000,
,,,00.000002486000,   0.00000,
,,,00.000002488000,   0.00000,
,,,00.000002490000,   0.00000,
,,,00.000002492000,   0.00000,
,,,00.000002494000,   0.00000,
,,,00.000002496000,   0.00000,
,,,00.000002498000,   0.00000,
